nodeID,channel,ASN
2,11,10201
2,18,10403
2,19,10504
2,17,11009
2,16,11312
2,12,11514
2,26,11716
2,15,13029
2,21,13231
2,11,13433
2,18,13635
2,14,13838
2,13,14443
2,15,14645
2,13,54843
2,12,55146
2,21,55247
2,20,55550
2,23,55954
2,22,56055
2,24,56156
2,17,56257
2,21,56863
2,25,77366
2,13,77467
2,16,77568
2,12,77770
2,21,77871
2,26,77972
2,18,78275
2,14,78477
2,24,78780
2,13,79083
2,12,79386
2,18,79891
2,19,79992
2,23,80194
2,24,80396
2,17,80497
2,16,80800
2,12,81002
2,23,81810
2,13,82315
2,26,82820
2,22,83527
2,25,83830
2,12,84234
2,18,84739
2,19,84840
2,22,85143
2,25,85446
2,13,85547
2,26,86052
2,23,86658
2,22,86759
2,17,86961
2,16,87264
2,12,87466
2,21,87567
2,19,88072
2,14,88173
2,23,88274
2,22,88375
2,24,88476
2,25,88678
2,12,89082
2,11,89385
2,20,89486
2,23,89890
2,24,90092
2,13,90395
2,16,90496
2,21,90799
2,11,91001
2,24,91708
2,25,91910
2,17,93425
2,25,93526
2,16,93728
2,21,94031
2,18,94435
2,16,95344
2,15,95445
2,12,95546
2,11,95849
2,23,96354
2,24,96556
2,17,96657
2,22,98071
2,24,98172
2,25,98374
2,12,98778
2,11,99081
2,24,99788
2,12,100394
2,21,100495
2,14,101101
2,24,101404
2,17,101505
2,25,101606
2,18,102515
2,17,103121
2,25,103222
2,16,103424
2,19,105848
2,24,106252
2,15,106757
2,12,106858
2,11,107161
2,18,107363
2,19,107464
2,14,107565
2,16,108272
2,20,108878
2,19,109080
2,14,109181
2,25,109686
2,13,109787
2,12,110090
2,21,110191
2,11,110393
2,19,110696
2,22,110999
2,24,111100
2,22,112615
2,23,114130
2,25,114534
2,16,114736
2,14,115645
2,23,115746
2,22,115847
2,24,115948
2,20,116958
2,23,117362
2,17,117665
2,18,118675
2,14,118877
2,22,119079
2,13,119483
2,15,119685
2,22,120695
2,11,121705
2,20,121806
2,24,122412
2,13,122715
2,26,123220
2,11,123321
2,14,123725
2,23,123826
2,22,123927
2,17,124129
2,26,124836
2,17,125745
2,25,125846
2,21,126351
2,14,126957
2,15,127765
2,26,128068
2,25,129078
2,13,129179
2,12,129482
2,21,129583
2,16,130896
2,12,131098
2,23,131906
2,16,132512
2,18,133219
2,14,133421
2,23,133522
2,12,134330
2,24,135340
2,17,135441
2,15,135845
2,21,136047
2,11,136249
2,18,136451
2,14,136653
2,25,137158
2,20,137966
2,14,138269
2,23,138370
2,17,138673
2,15,139077
2,14,139885
2,16,140592
2,21,140895
2,26,140996
2,11,141097
2,20,141198
2,19,141400
2,13,142107
2,15,142309
2,11,142713
2,23,143218
2,24,143420
2,16,143824
2,15,143925
2,12,144026
2,11,144329
2,20,144430
2,18,144531
2,22,144935
2,11,145945
2,18,146147
2,19,146248
2,23,146450
2,21,148975
2,26,149076
2,19,149480
2,25,150086
2,24,151500
2,15,152005
2,21,152207
2,24,153116
2,16,153520
2,15,153621
2,20,154126
2,19,154328
2,23,154530
2,24,154732
2,21,155439
2,26,155540
2,18,155843
2,25,156550
2,16,156752
2,11,157257
2,18,157459
2,24,157964
2,14,159277
2,23,159378
2,15,160085
2,21,160287
2,11,160489
2,20,160590
2,18,160691
2,19,160792
2,20,162206
2,18,162307
2,12,163418
2,18,163923
2,19,164024
2,24,164428
2,21,165135
2,17,166145
2,16,166448
2,20,167054
2,15,168165
2,26,168468
2,22,169175
2,16,169680
2,21,169983
2,19,170488
2,22,170791
2,23,172306
2,22,172407
2,25,174326
2,16,174528
2,21,174831
2,19,175336
2,17,175841
2,13,176043
2,26,176548
2,19,176952
2,24,177356
2,21,178063
2,18,178467
2,22,178871
2,17,179073
2,16,179376
2,12,179578
2,11,179881
2,14,180285
2,19,181800
2,22,182103
2,24,182204
2,26,183012
2,20,183214
2,18,183315
2,14,183517
2,22,183719
2,25,184022
2,13,184123
2,23,185234
2,16,185840
2,21,186143
2,26,186244
2,24,187052
2,17,187153
2,25,187254
2,18,188163
2,14,188365
2,22,188567
2,13,188971
2,12,189274
2,21,189375
2,25,190486
2,13,190587
2,12,190890
2,19,191496
2,23,191698
2,24,191900
2,17,192001
2,11,192809
2,18,193011
2,14,193213
2,24,193516
2,25,193718
2,15,194021
2,12,194122
2,14,194829
2,15,195637
2,21,195839
2,11,196041
2,19,196344
2,13,197051
2,26,197556
2,11,197657
2,12,198970
2,20,199374
2,22,199879
2,15,200485
2,14,201293
2,13,201899
2,20,202606
2,18,202707
2,14,204525
2,21,205535
2,26,205636
2,11,205737
2,14,206141
2,23,206242
2,22,206343
2,12,207050
2,20,207454
2,17,208161
2,25,208262
2,12,208666
2,11,208969
2,20,209070
2,23,209474
2,25,209878
2,16,210080
2,20,210686
2,18,210787
2,23,211090
2,11,212201
2,19,212504
2,14,212605
2,26,213716
2,18,214019
2,19,214120
2,13,214827
2,15,215029
2,21,215231
2,26,215332
2,18,215635
2,19,215736
2,12,216746
2,18,217251
2,18,218867
2,12,219978
2,26,220180
2,11,220281
2,18,220483
2,25,221190
2,13,221291
2,17,222705
2,13,222907
2,16,223008
2,20,223614
2,18,223715
2,14,223917
2,22,224119
2,24,224220
2,25,224422
2,13,224523
2,16,224624
2,26,225028
2,25,226038
2,16,226240
2,12,226442
2,21,226543
2,20,226846
2,17,227553
2,21,228159
2,26,228260
2,18,228563
2,14,228765
2,16,229472
2,21,229775
2,23,230482
2,13,230987
2,15,231189
2,25,232502
2,16,232704
2,15,232805
2,26,233108
2,20,233310
2,13,234219
2,26,234724
2,14,235229
2,25,235734
2,26,236340
2,20,236542
2,18,236643
2,19,236744
2,23,236946
2,24,237148
2,17,237249
2,15,237653
2,11,238057
2,22,238663
2,21,239471
2,26,239572
2,20,239774
2,22,240279
2,24,240380
2,12,240986
2,21,241087
2,19,241592
2,17,242097
2,12,242602
2,21,242703
2,26,242804
2,11,242905
2,12,244218
2,11,244521
2,19,244824
2,24,245228
2,14,246541
2,24,246844
2,25,247046
2,14,248157
2,23,248258
2,24,248461
2,13,248763
2,11,249369
2,20,249470
2,18,249571
2,24,250077
2,16,250480
2,12,250682
2,12,252298
2,21,252399
2,20,252702
2,17,253409
2,16,253712
2,15,253813
2,26,254116
2,14,254621
2,23,254722
2,24,254924
2,21,255632
2,20,255935
2,23,256338
2,24,256540
2,17,256641
2,13,256843
2,26,257348
2,19,257752
2,24,258157
2,18,259267
2,19,259368
2,23,259570
2,12,260378
2,18,260883
2,14,261085
2,23,261186
2,17,261490
2,12,261994
2,20,262398
2,26,263812
2,20,264015
2,15,265125
2,26,265428
2,20,265630
2,14,265933
2,13,266539
2,15,266741
2,26,267044
2,11,267145
2,20,267246
2,22,267751
2,13,268155
2,12,268458
2,21,268559
2,26,268660
2,11,268761
2,20,268862
2,24,269468
2,17,269569
2,25,269670
2,15,269973
2,11,270377
2,23,270882
2,25,271286
2,15,271589
2,12,271690
2,26,271892
2,20,272094
2,14,272397
2,11,273609
2,18,273811
2,24,274316
2,16,274720
2,12,274922
2,20,275326
2,13,276235
2,16,276336
2,15,276437
2,14,277245
2,17,277649
2,13,277851
2,13,279467
2,20,280174
2,18,280275
2,11,281689
2,14,282093
2,13,282700
2,16,282800
2,19,285224
2,22,285527
2,24,285628
2,17,285729
2,13,285931
2,15,286133
2,12,286234
2,13,287547
2,12,287850
2,26,288052
2,18,288355
2,19,288456
2,16,289264
2,23,290274
2,12,291082
2,20,291486
2,22,291991
2,13,292395
2,16,292496
2,15,292597
2,20,294718
2,14,295021
2,22,295223
2,17,295425
2,25,295526
2,11,296233
2,20,296334
2,18,296435
2,23,296738
2,20,297950
2,23,298354
2,24,298556
2,25,298758
2,15,299061
2,11,299465
2,22,300071
2,24,300172
2,13,300475
2,21,300879
2,19,301385
2,12,302394
2,11,302697
2,14,303101
2,12,304010
2,23,304818
2,22,304919
2,15,305526
2,23,306434
2,24,306636
2,13,306939
2,21,307343
2,26,307444
2,11,307545
2,18,307747
2,23,308050
2,17,308353
2,25,308454
2,16,308656
2,26,309060
2,23,309666
2,19,311080
2,23,311282
2,25,311686
2,15,311989
2,12,312090
2,13,313403
2,12,313706
2,19,314312
2,14,314413
2,23,314514
2,15,315221
2,21,315423
2,20,315726
2,18,315827
2,14,316029
2,17,316433
2,12,316938
2,26,317140
2,24,317948
2,16,318352
2,11,318857
2,18,319059
2,12,320170
2,15,321685
2,12,321786
2,20,322190
2,19,322392
2,23,322594
2,24,322796
2,17,322897
2,11,323705
2,17,324513
2,25,324614
2,13,324715
2,19,325624
2,22,325927
2,24,326028
2,26,326836
2,24,327644
2,21,328351
2,20,328654
2,18,328755
2,23,329058
2,24,329260
2,22,330775
2,21,331583
2,26,331684
2,22,332391
2,18,333603
2,19,333704
2,23,333906
2,21,334815
2,23,335522
2,21,336431
2,11,336633
2,18,336835
2,23,337138
2,13,337643
2,16,337744
2,21,338047
2,19,338552
2,22,338855
2,17,339057
2,25,339158
2,12,339562
2,14,340269
2,23,340370
2,13,340875
2,20,341582
2,23,341986
2,12,342794
2,22,343703
2,25,344006
2,15,344309
2,26,344612
2,24,345420
2,12,346026
2,21,346127
2,23,346834
2,18,348147
2,23,348450
2,22,348551
2,13,348955
2,24,350268
2,17,350369
2,13,350571
2,15,350773
2,11,351177
2,18,351379
2,23,351682
2,17,351985
2,25,352086
2,12,352490
2,18,352995
2,14,353197
2,23,353298
2,24,353500
2,25,353702
2,13,353803
2,16,353904
2,15,354005
2,20,354510
2,22,355015
2,16,355520
2,15,355621
2,12,355722
2,18,356227
2,19,356328
2,23,356530
2,16,357136
2,15,357237
2,12,357338
2,21,357439
2,19,357944
2,13,358651
2,23,359762
2,24,359964
2,17,360065
2,16,360368
2,12,360570
2,21,360671
2,26,360772
2,14,361277
2,23,361378
2,22,361479
2,13,361883
2,12,362186
2,20,362590
2,25,363398
2,16,363600
2,15,363701
2,26,364004
2,19,364408
2,23,364610
2,15,365317
2,11,365721
2,19,366024
2,22,366327
2,11,367337
2,17,368145
2,16,368448
2,20,369054
2,18,369155
2,19,369256
2,23,369458
2,16,370064
2,21,370367
2,23,371074
2,16,371680
2,22,372791
2,24,372892
2,13,373195
2,12,373498
2,21,373599
2,11,373801
2,18,374003
2,23,374306
2,24,374508
2,17,374609
2,21,375215
2,19,375720
2,23,375922
2,22,376023
2,16,376528
2,15,376629
2,12,376730
2,26,376932
2,11,377033
2,20,377134
2,25,377942
2,15,378245
2,26,378548
2,23,379154
2,25,379558
2,13,379659
2,15,379861
2,19,380568
2,20,381982
2,14,382285
2,13,382891
2,16,382992
2,21,383295
2,23,384002
2,24,384204
2,17,384305
2,15,384709
2,26,385012
2,22,385719
2,25,386022
2,11,386729
2,19,387032
2,23,387234
2,22,387335
2,24,387436
2,17,387537
2,25,387638
2,15,387941
2,25,389254
2,15,389557
2,12,389658
2,19,390264
2,23,390466
2,17,390769
2,19,391880
2,13,392587
2,18,393395
2,23,393698
2,22,393799
2,16,394304
2,11,394809
2,25,395718
2,16,395920
2,23,396930
2,24,397132
2,11,398041
2,19,398344
2,17,398849
2,16,399152
2,15,399253
2,19,399960
2,12,400971
2,13,402283
2,15,402485
2,23,403394
2,25,403798
2,12,404202
2,19,404808
2,23,405010
2,24,405212
2,17,405313
2,18,406323
2,17,406929
2,15,407333
2,12,407434
2,18,407939
2,23,408242
2,13,408747
2,16,410464
2,15,410565
2,26,410868
2,19,411272
2,13,411979
2,18,412787
2,17,413393
2,21,413999
2,26,414100
2,11,414201
2,21,415615
2,23,416322
2,17,416625
2,13,416827
2,16,416928
2,26,417332
2,19,417736
2,16,418544
2,11,419049
2,20,419150
2,14,419453
2,11,420665
2,26,422180
2,20,422382
2,14,422685
2,17,423089
2,13,423291
2,16,423392
2,12,423594
2,22,424503
2,11,425513
2,18,425715
2,25,426422
2,13,426523
2,16,426624
2,15,426725
2,11,427129
2,18,427331
2,14,427533
2,23,427634
2,16,428240
2,15,428341
2,21,428543
2,19,429048
2,24,429452
2,13,429755
2,26,430260
2,17,431169
2,21,431775
2,11,431977
2,20,432078
2,19,432280
2,14,432381
2,22,432583
2,13,432987
2,23,434098
2,22,434199
2,17,434401
2,12,434906
2,18,435411
2,14,435613
2,24,435916
2,16,436320
2,26,436724
2,17,437633
2,26,438340
2,20,438542
2,19,438744
2,24,439148
2,13,439451
2,16,439552
2,21,439855
2,18,440259
2,19,440360
2,23,440562
2,17,440865
2,15,441269
2,12,441370
2,20,441774
2,22,442279
2,13,442683
2,20,443390
2,18,443491
2,25,444198
2,13,444299
2,15,444501
2,11,444905
2,24,447228
2,25,447430
2,11,448137
2,18,448339
2,13,449147
2,15,449349
2,19,450056
2,23,450258
2,25,450662
2,16,450864
2,11,451369
2,14,451773
2,12,452682
2,20,453086
2,19,453288
2,24,453692
2,25,453894
2,15,454198
2,26,454500
2,11,454601
2,20,454702
2,19,454904
2,17,455409
2,25,455510
2,13,455611
2,21,456015
2,26,456116
2,11,456217
2,20,456318
2,18,456419
2,14,456621
2,23,456722
2,17,457025
2,11,457833
2,20,457934
2,13,458843
2,20,459550
2,16,460560
2,26,460964
2,20,461166
2,17,461873
2,15,462277
2,12,462378
2,14,463085
2,23,463186
2,17,463489
2,25,463590
2,16,463792
2,12,463994
2,18,464499
2,14,464701
2,24,465004
2,25,465206
2,12,465610
2,21,465711
2,18,466115
2,23,466418
2,15,467125
2,18,469347
2,14,469549
2,23,469650
2,24,469852
2,17,469953
2,13,470155
2,16,470256
2,15,470357
2,12,470458
2,18,470963
2,22,471367
2,24,471468
2,15,471973
2,11,472377
2,20,472478
2,23,472882
2,11,473993
2,17,476417
2,21,477023
2,18,477427
2,22,477831
2,24,477932
2,17,478033
2,12,478538
2,26,478740
2,19,479144
2,14,479245
2,17,479649
2,25,479750
2,13,481467
2,16,481568
2,21,481871
2,26,481972
2,19,482376
2,23,482578
2,16,483184
2,21,483487
2,26,483588
2,18,483891
2,14,484093
2,24,484396
2,17,484497
2,13,484699
2,21,485103
2,26,485204
2,11,485305
2,19,485608
2,16,486416
2,21,486719
2,19,487224
2,26,488436
2,11,488537
2,18,488739
2,14,488941
2,20,490254
2,13,491163
2,15,491365
2,26,491668
2,19,492072
2,22,492375
2,17,492577
2,12,493082
2,21,493183
2,20,493486
2,24,494092
2,16,494496
2,26,494900
2,20,495102
2,14,495405
2,23,495506
2,20,496718
2,18,496819
2,17,497426
2,26,498132
2,20,498334
2,22,498839
2,26,499748
2,22,500455
2,21,501263
2,23,501970
2,21,502879
2,26,502980
2,23,505202
2,13,505707
2,16,505808
2,21,506111
2,24,507020
2,26,507828
2,25,508838
2,13,508939
2,11,509545
2,22,510151
2,17,510353
2,25,510454
2,22,511767
2,13,512171
2,15,512373
2,12,512474
2,19,513080
2,14,513181
2,24,513484
2,17,513585
2,12,514090
2,14,514797
2,21,515807
2,26,515908
2,11,516009
2,14,516413
2,15,517221
2,12,517322
2,21,517423
2,26,517524
2,22,518231
2,16,518736
2,21,519039
2,26,519140
2,12,520554
2,11,520857
2,20,520958
2,13,521867
2,26,522372
2,11,522473
2,23,522978
2,16,523584
2,23,524594
2,23,526210
2,24,526412
2,12,527018
2,14,527725
2,16,528432
2,12,528634
2,22,529543
2,13,529947
2,23,531058
2,13,531563
2,16,531664
2,18,532371
2,18,533987
2,23,534290
2,22,534391
2,24,534492
2,15,534997
2,12,535098
2,18,535603
2,23,535906
2,24,536108
2,17,536209
2,13,536411
2,23,537522
2,22,537623
2,24,537724
2,17,537825
2,21,538431
2,26,538532
2,11,538633
2,18,538835
2,19,538936
2,22,539239
2,25,541158
2,16,541360
2,15,541461
2,12,541562
2,21,541663
2,20,541966
2,24,542572
2,13,542875
2,12,543178
2,21,543279
2,20,543582
2,24,544188
2,21,544895
2,11,545097
2,23,545602
2,16,546208
2,26,546612
2,20,546814
2,22,547319
2,15,547925
2,26,548228
2,18,548531
2,19,548632
2,23,548834
2,22,548935
2,17,549137
2,13,549339
2,12,549642
2,26,549844
2,19,550248
2,14,550349
2,14,551965
2,25,552470
2,15,552773
2,12,552874
2,21,552975
2,22,553783
2,16,554288
2,20,554894
2,18,554995
2,19,555096
2,25,555702
2,16,555904
2,26,556308
2,18,556611
2,23,556914
2,13,557419
2,16,557520
2,11,558025
2,19,558328
2,24,558732
2,13,559035
2,14,560045
2,17,560449
2,16,560752
2,12,560954
2,11,561257
2,14,561661
2,16,562368
2,12,562570
2,14,563277
2,22,563479
2,24,563580
2,16,563984
2,23,564994
2,22,565095
2,17,565297
2,26,566004
2,12,567418
2,18,567923
2,24,568428
2,17,568529
2,25,568630
2,16,568833
2,11,569337
2,14,569741
2,22,569943
2,24,570045
2,22,571559
2,16,572064
2,11,572569
2,22,573175
2,24,573276
2,16,573680
2,21,573983
2,20,574286
2,23,574690
2,21,575599
2,20,575902
2,26,577316
2,11,577417
2,20,577518
2,25,578326
2,22,579639
2,13,580043
2,26,580548
2,22,581255
2,17,581457
2,26,582164
2,23,582770
2,11,583881
2,23,584386
2,15,585093
2,26,585396
2,25,586406
2,16,586608
2,12,588426
2,21,588527
2,14,589133
2,23,589234
2,11,590345
2,14,590749
2,15,591557
2,12,591658
2,21,591759
2,18,592163
2,19,592264
2,24,592668
2,17,592769
2,13,592971
2,12,593274
2,26,593476
2,22,594183
2,25,594486
2,15,594789
2,12,594890
2,20,595294
2,26,596708
2,13,597820
2,26,598324
2,11,598425
2,20,598526
2,18,598628
2,22,599031
2,24,599132
2,24,602364
2,17,602465
2,21,603071
2,20,603374
2,17,604081
2,14,605293
2,21,606303
2,11,606505
2,20,606606
2,25,607414
2,15,607717
2,18,608323
2,14,608525
2,17,608929
2,25,609030
2,23,610243
2,17,610545
2,25,610646
2,15,610950
2,12,611050
2,11,611353
2,24,612060
2,26,612868
2,11,612969
2,22,613575
2,12,614282
2,26,614484
2,11,614585
2,17,615394
2,16,615696
2,21,615999
2,26,616100
2,20,616302
2,23,616706
2,24,616908
2,15,617413
2,26,617716
2,11,617817
2,18,618019
2,19,618120
2,22,618423
2,11,619433
2,20,619534
2,26,620948
2,19,621352
2,14,621453
2,11,622665
2,19,622968
2,24,623372
2,13,623675
2,26,624180
2,18,624483
2,24,624988
2,13,625291
2,15,625493
2,21,625695
2,18,626099
2,14,626301
2,25,626806
2,16,627008
2,12,627210
2,21,627311
2,14,627917
2,21,628927
2,14,629533
2,22,629735
2,25,630038
2,12,630442
2,26,630644
2,14,631149
2,24,631452
2,25,631654
2,16,631856
2,15,631957
2,12,632058
2,21,632159
2,20,632462
2,25,633270
2,26,633876
2,14,634381
2,23,634482
2,22,634583
2,25,634886
2,15,635189
2,12,635290
2,22,636199
2,15,636805
2,12,636906
2,26,637108
2,20,637310
2,18,637411
2,23,637714
2,26,638724
2,11,638825
2,14,639229
2,11,640441
2,19,640744
2,14,640845
2,23,640946
2,17,641249
2,16,641552
2,26,641956
2,22,642663
2,17,642865
2,25,642966
2,15,643269
2,11,643673
2,20,643774
2,22,644279
2,24,644380
2,13,644683
2,11,645289
2,23,645794
2,13,646299
2,15,646501
2,12,646602
2,19,647208
2,25,647814
2,13,647915
2,21,648319
2,26,648420
2,24,649228
2,25,649430
2,15,649733
2,12,649834
2,18,650339
2,14,650541
2,24,650844
2,17,650945
2,25,651046
2,12,651450
2,18,651955
2,14,652157
2,23,652258
2,24,652460
2,15,652965
2,21,653167
2,19,653672
2,23,653874
2,22,653975
2,21,654784
2,11,654986
2,22,655591
2,17,655793
2,15,656197
2,12,656298
2,21,656399
2,20,656702
2,19,656904
2,25,657510
2,13,657611
2,16,657712
2,15,657813
2,21,658015
2,14,658621
2,23,658722
2,24,658924
2,17,659025
2,21,659631
2,22,660439
2,13,660843
2,21,661247
2,19,661752
2,22,662055
2,16,662560
2,12,662762
2,20,663166
2,14,663469
2,22,663671
2,16,664176
2,16,665792
2,23,666802
2,25,667206
2,13,667307
2,16,667408
2,26,667812
2,23,668418
2,24,668620
2,13,668923
2,16,669024
2,21,669327
2,26,669428
2,20,669630
2,19,669832
2,23,670034
2,17,670337
2,22,671751
2,13,672155
2,16,672256
2,15,672357
2,14,673165
2,23,673266
2,22,673367
2,24,673468
2,20,674478
2,25,675286
2,19,676296
2,14,676397
2,24,676700
2,16,677104
2,20,677710
2,18,677811
2,16,678720
2,12,678922
2,20,679326
2,18,679427
2,22,681447
2,12,682154
2,26,682356
2,20,682558
2,19,682760
2,22,683063
2,25,683366
2,13,683467
2,16,683568
2,15,683669
2,12,683770
2,18,684275
2,17,684881
2,14,686093
2,22,686295
2,24,686396
2,21,687103
2,26,687204
2,19,687608
2,14,687709
2,23,687810
2,17,688113
2,15,688517
2,26,688820
2,11,688921
2,23,689426
2,24,689628
2,20,690638
2,22,691143
2,21,691951
2,20,692254
2,23,692658
2,13,693163
2,11,693769
2,15,696597
2,12,696698
2,21,696799
2,26,696900
2,18,697203
2,19,697304
2,24,697709
2,25,697910
2,13,698011
2,15,698213
2,19,698920
2,11,700233
2,14,700637
2,24,700940
2,15,701445
2,21,701647
2,20,701950
2,23,702354
2,13,702859
2,20,703566
2,13,704475
2,16,704576
2,18,705283
2,23,705586
2,17,705889
2,13,706091
2,11,706698
2,14,707101
2,17,707505
2,25,707606
2,15,707909
2,18,708515
2,17,709121
2,21,709727
2,11,709929
2,14,710333
2,22,710535
2,17,710737
2,25,710838
2,15,711142
2,12,711242
2,11,711545
2,18,711747
2,25,712454
2,13,712555
2,11,713161
2,20,713262
2,23,713666
2,15,714374
2,25,717302
2,16,717504
2,14,718413
2,23,718514
2,11,719625
2,23,720130
2,22,720231
2,17,720433
2,12,720938
2,21,721039
2,11,721241
2,18,721444
2,23,721746
2,17,722049
2,12,722555
2,18,723059
2,19,723160
2,16,723968
2,21,724271
2,11,724473
2,19,724776
2,14,724877
2,26,725988
2,18,726291
2,14,726493
2,17,726897
2,25,726998
2,13,727099
2,12,727402
2,18,729523
2,13,730331
2,21,730735
2,24,731644
2,17,731745
2,25,731846
2,15,732149
2,16,733664
2,12,733866
2,11,734169
2,18,734371
2,23,734674
2,13,735179
2,16,735280
2,12,735482
2,19,736088
2,14,737805
2,24,738108
2,16,738512
2,12,738714
2,20,740734
2,19,740936
2,22,741239
2,25,741542
2,16,741744
2,19,742552
2,22,742855
2,26,743764
2,11,743865
2,20,743966
2,13,744875
2,12,745178
2,14,745885
2,21,746895
2,14,747501
2,23,747602
2,13,748107
2,16,748208
2,14,749117
2,16,749824
2,18,750531
2,23,750834
2,16,751440
2,12,751642
2,21,751743
2,13,752955
2,26,753460
2,18,753763
2,19,753864
2,16,754672
2,21,754975
2,26,755076
2,18,755379
2,23,755682
2,17,755985
2,13,756187
2,23,757298
2,17,757601
2,21,758207
2,11,758409
2,18,758611
2,19,758712
2,14,758813
2,23,758914
2,15,759621
2,26,759924
2,18,760227
2,25,760934
2,15,761237
2,12,761338
2,26,761540
2,11,761641
2,19,761944
2,14,762045
2,22,762247
2,24,762348
2,13,762651
2,26,763156
2,18,763459
2,22,763863
2,15,764469
2,21,764671
2,26,764772
2,14,765277
2,16,765984
2,11,766489
2,19,766792
2,24,767196
2,25,767398
2,16,767600
2,11,768105
2,20,768206
2,18,768307
2,23,768610
2,22,768711
2,17,768913
2,20,769822
2,22,770327
2,16,770832
2,21,771135
2,20,771438
2,19,773256
2,25,773862
2,13,773963
2,16,774064
2,12,774266
2,20,774670
2,18,774771
2,19,774872
2,23,775074
2,22,775175
2,24,775276
2,13,775579
2,15,775781
2,19,776488
2,14,776589
2,22,776791
2,13,777195
2,21,777599
2,20,777902
2,18,778003
2,19,778104
2,14,778205
2,16,778912
2,20,779518
2,15,780629
2,12,782346
2,24,783356
2,26,784164
2,11,784265
2,18,784467
2,20,785982
2,14,786285
2,13,786891
2,11,787497
2,20,787598
2,22,788103
2,24,788204
2,13,788507
2,21,788911
2,26,789012
2,11,789113
2,13,790123
2,12,790426
2,21,790527
2,14,791133
2,25,791638
2,19,792648
2,14,792749
2,16,793456
2,15,793557
2,20,794062
2,19,794264
2,22,794567
2,17,796385
2,15,796789
2,22,797799
2,17,798001
2,12,798506
2,20,798910
2,14,799213
2,25,799718
2,16,799920
2,25,801334
2,15,801637
2,15,803253
2,21,803455
2,20,803758
2,19,803960
2,14,804061
2,15,804869
2,22,805879
2,25,806182
2,16,806384
2,19,807192
2,14,807293
2,22,807495
2,24,807596
2,25,807798
2,13,807899
2,16,808000
2,19,808808
2,16,809617
2,19,810424
2,25,811030
2,16,811232
2,15,811333
2,12,811434
2,21,811536
2,26,811636
2,20,811838
2,24,812444
2,20,813454
2,18,813555
2,22,813959
2,21,814767
2,19,815272
2,24,815676
2,25,815878
2,12,816282
2,21,816383
2,22,817192
2,17,817393
2,21,817999
2,18,818403
2,19,818504
2,14,818605
2,13,819211
2,18,820019
2,22,820423
2,24,820524
2,17,820625
2,12,821130
2,21,821231
2,17,822241
2,25,822342
2,16,822544
2,21,822847
2,18,823251
2,24,823756
2,26,824564
2,20,824766
2,19,824968
2,14,825069
2,23,825170
2,16,825776
2,12,825978
2,26,826180
2,19,826584
2,14,826685
2,23,826786
2,17,827089
2,15,827493
2,21,827695
2,19,828200
2,22,828503
2,17,828705
2,13,828907
2,16,829008
2,26,829412
2,20,829614
2,23,830018
2,22,830119
2,16,830624
2,11,831129
2,19,831432
2,17,833553
2,15,833957
2,21,834159
2,17,835169
2,25,835270
2,13,835371
2,18,836179
2,15,837189
2,12,837290
2,26,837492
2,22,838199
2,18,839411
2,24,839916
2,17,840017
2,15,842037
2,16,843552
2,21,845471
2,26,845572
2,18,845875
2,19,845976
2,25,846582
2,15,846885
2,23,847794
2,25,848198
2,13,849915
2,15,850117
2,12,850218
2,21,850319
2,20,850622
2,23,851026
2,22,851127
2,17,851329
2,18,852339
2,17,852945
2,15,853349
2,21,853551
2,26,853652
2,18,853955
2,19,854056
2,17,854561
2,25,854662
2,11,855369
2,19,855672
2,14,855773
2,23,855874
2,17,856177
2,25,856278
2,15,856581
2,12,856682
2,11,856985
2,22,857591
2,17,857793
2,25,857894
2,13,857995
2,16,858096
2,15,858197
2,21,858399
2,22,859207
2,21,860015
2,26,860116
2,23,860722
2,13,861227
2,11,861833
2,18,862035
2,19,862136
2,24,862540
2,15,863045
2,21,863247
2,19,863752
2,23,863954
2,24,864156
2,16,864560
2,11,865065
2,19,865368
2,15,866277
2,21,866479
2,12,867994
2,14,868701
2,22,868903
2,26,869812
2,20,870014
2,17,870721
2,13,870923
2,16,871024
2,21,871327
2,11,871529
2,18,871731
2,17,872337
2,25,872438
2,13,872539
2,15,872741
2,20,873246
2,18,873347
2,14,873549
2,14,875165
2,17,875569
2,25,875670
2,16,875872
2,11,876377
2,20,876478
2,18,876579
2,22,876983
2,21,877791
2,23,878498
2,22,878599
2,17,878801
2,25,878902
2,13,879003
2,16,879104
2,21,879407
2,11,879609
2,22,880215
2,25,880518
2,20,881326
2,18,881427
2,18,883043
2,19,883144
2,22,883447
2,24,883548
2,15,884053
2,21,884255
2,13,885467
2,15,885669
2,26,885972
2,20,886174
2,22,886679
2,24,886780
2,17,886881
2,25,886982
2,13,887083
2,26,887588
2,11,887689
2,18,887891
2,13,888699
2,20,889406
2,12,890618
2,11,890921
2,26,892436
2,25,893446
2,19,894456
2,14,896173
2,23,896274
2,14,897789
2,17,898193
2,13,898395
2,12,898698
2,25,899910
2,13,900011
2,16,900112
2,19,900920
2,22,901223
2,16,901728
2,12,901930
2,18,902435
2,19,902536
2,24,902940
2,25,903142
2,13,903243
2,16,903344
2,15,903445
2,20,903950
2,18,904051
2,17,904657
2,13,904859
2,15,905061
2,26,905364
2,19,905768
2,26,906980
2,18,907283
2,23,907586
2,21,908495
2,18,908899
2,17,909505
2,20,910414
2,24,911020
2,11,911929
2,20,912030
2,18,912131
2,23,912434
2,24,912636
2,25,912838
2,19,913848
2,14,913949
2,23,914050
2,25,914454
2,21,914959
2,18,915363
2,19,915464
2,13,916171
2,16,916272
2,21,916575
2,20,916878
2,18,916979
2,14,917181
2,16,917888
2,15,917989
2,26,918292
2,19,918696
2,23,918898
2,20,920110
2,14,920413
2,24,920716
2,12,921322
2,14,922029
2,22,922231
2,25,922534
2,20,923342
2,14,923645
2,16,924352
2,12,924554
2,11,924857
2,14,925261
2,22,925463
2,17,925665
2,16,925968
2,21,926271
2,20,926574
2,23,926978
2,24,927180
2,12,927786
2,21,927887
2,13,930715
2,16,930816
2,26,931220
2,19,931624
2,23,931826
2,15,932533
2,22,933543
2,11,934553
2,24,935260
2,26,936068
2,11,936169
2,20,936270
2,18,936371
2,19,936472
2,22,936775
2,26,937684
2,14,938189
2,24,938492
2,17,938593
2,12,939098
2,11,939401
2,19,939704
2,14,941421
2,16,942128
2,26,942532
2,19,942936
2,22,943239
2,24,943340
2,21,944047
2,20,944350
2,14,944653
2,17,945057
2,16,945360
2,15,945461
2,12,945562
2,26,945764
2,20,945966
2,19,946168
2,24,946572
2,13,946875
2,11,947481
2,22,948087
2,17,948289
2,12,948794
2,21,948895
2,22,949703
2,17,949905
2,15,950309
2,12,952026
2,21,952127
2,26,952228
2,18,952531
2,17,953137
2,13,953339
2,16,953440
2,11,953945
2,19,954248
2,15,955157
2,20,955662
2,17,956369
2,25,956470
2,11,957177
2,18,957379
2,19,957480
2,14,957581
2,25,958086
2,15,958389
2,12,958490
2,21,958591
2,11,958793
2,18,958995
2,23,959298
2,16,959904
2,17,961217
2,16,961520
2,12,961722
2,11,962025
2,23,962530
2,11,963641
2,14,964045
2,17,964449
2,16,964752
2,14,965661
2,24,965964
2,17,966065
2,25,966166
2,16,966368
2,15,966469
2,18,967075
2,16,967984
2,20,968590
2,23,968994
2,24,969196
2,17,969297
2,13,969499
2,26,970004
2,18,970307
2,19,970408
2,25,971014
2,15,971317
2,26,971620
2,19,972024
2,24,972428
2,25,972630
2,12,973034
2,23,973842
2,22,973943
2,26,974852
2,14,975357
2,24,975660
2,15,976165
2,26,976468
2,19,976872
2,23,977074
2,24,977276
2,13,977579
2,12,977882
2,21,977983
2,26,978084
2,18,978387
2,17,978993
2,15,979397
2,12,979498
2,18,980003
2,14,980205
2,22,980407
2,13,980811
2,16,980912
2,21,981215
2,11,981417
2,20,981518
2,13,982427
2,16,982528
2,21,982831
2,26,982932
2,22,985255
2,12,985962
2,11,986265
2,18,986467
2,14,986669
2,23,986770
2,22,986871
2,24,986972
2,17,987073
2,25,987174
2,23,988386
2,17,988689
2,26,989396
2,20,989598
2,14,989901
2,13,990507
2,16,990608
2,20,991214
2,13,992123
2,21,992527
2,26,992628
2,25,993638
2,12,994042
2,21,994143
2,14,994749
2,23,994850
2,21,995759
2,26,995860
2,15,997173
2,26,997476
2,17,998385
2,25,998486
2,21,998991
2,24,999900
2,17,1000001
2,16,1000304
2,26,1000708
2,11,1000809
2,18,1001011
2,19,1001112
2,25,1001718
2,22,1003031
2,25,1003334
2,11,1004041
2,19,1004344
2,24,1004748
2,15,1005253
2,21,1005455
2,16,1006768
2,11,1007273
2,24,1007980
2,17,1008081
2,20,1008990
2,18,1009091
2,19,1009192
2,22,1009495
2,17,1009697
2,16,1010000
2,15,1010101
2,21,1010303
2,11,1010505
2,23,1012626
2,22,1012727
2,17,1012929
2,25,1013030
2,21,1013535
2,14,1014141
2,17,1014545
2,25,1014646
2,21,1015151
2,20,1015454
2,17,1016161
2,26,1016868
2,23,1017474
2,22,1017575
2,16,1018080
2,12,1018282
2,21,1018383
2,18,1018787
2,11,1020201
2,14,1020605
2,16,1021312
2,26,1021716
2,20,1021918
2,18,1022019
2,17,1022625
2,12,1023130
2,11,1023433
2,20,1023534
2,18,1023635
2,19,1023736
2,14,1023837
2,23,1023938
2,21,1024847
2,15,1026261
2,20,1026766
2,16,1027776
2,19,1028584
2,24,1028988
2,17,1029089
2,15,1029493
2,21,1031311
2,20,1031614
2,23,1032018
2,17,1032321
2,21,1032927
2,20,1033230
2,18,1033331
2,11,1034745
2,19,1035048
2,14,1035149
2,22,1035351
2,24,1035452
2,11,1036361
2,18,1036563
2,19,1036664
2,16,1037472
2,21,1037775
2,11,1037977
2,25,1038886
2,11,1039593
2,20,1039694
2,18,1039795
2,17,1040401
2,15,1040805
2,26,1041108
2,15,1042421
2,21,1042623
2,26,1042724
2,11,1042825
2,22,1043431
2,18,1044643
2,17,1045249
2,18,1046259
2,23,1046562
2,25,1046966
2,13,1047067
2,15,1047269
2,18,1047875
2,24,1048380
2,25,1048582
2,15,1048885
2,11,1049289
2,19,1049592
2,22,1049895
2,18,1051107
2,19,1051208
2,24,1051612
2,13,1051915
2,21,1052319
2,11,1052521
2,24,1053228
2,12,1053834
2,14,1054541
2,24,1054844
2,25,1055046
2,21,1055551
2,19,1056056
2,23,1056258
2,26,1057268
2,20,1057470
2,14,1057773
2,23,1057874
2,18,1059187
2,23,1059490
2,20,1060702
2,22,1061207
2,17,1061409
2,13,1061611
2,16,1061712
2,15,1061813
2,12,1061914
2,21,1062015
2,23,1062722
2,13,1063227
2,15,1063429
2,14,1064237
2,23,1064338
2,13,1064843
2,20,1065550
2,22,1066055
2,24,1066156
2,21,1066863
2,26,1066964
2,20,1067166
2,14,1067469
2,17,1067873
2,24,1069388
2,20,1070398
2,25,1071206
2,15,1071509
2,26,1071812
2,11,1071913
2,18,1072115
2,17,1072721
2,15,1073125
2,26,1073428
2,14,1073933
2,17,1074337
2,12,1074842
2,19,1075448
2,14,1075549
2,16,1076256
2,20,1076862
2,22,1077367
2,21,1078175
2,22,1078983
2,11,1079993
2,23,1080498
2,22,1080599
2,13,1081003
2,18,1081811
2,23,1082114
2,17,1082417
2,25,1082518
2,16,1082720
2,21,1083023
2,18,1083427
2,24,1083932
2,13,1084235
2,26,1084740
2,20,1084942
2,14,1085245
2,22,1085447
2,24,1085548
2,17,1085649
2,25,1085750
2,13,1085851
2,22,1087063
2,15,1087669
2,26,1087972
2,20,1088174
2,23,1088578
2,15,1089285
2,14,1090093
2,23,1090194
2,25,1090598
2,16,1090800
2,26,1091204
2,19,1091608
2,14,1091709
2,21,1092719
2,23,1093426
2,13,1093931
2,15,1094133
2,19,1094840
2,24,1095244
2,17,1095345
2,15,1095749
2,26,1096052
2,23,1096658
2,12,1097466
2,15,1098981
2,26,1099284
2,13,1100395
2,16,1100496
2,15,1100597
2,20,1101102
2,22,1101607
2,18,1102819
2,13,1103627
2,20,1104334
2,25,1105142
2,26,1105748
2,18,1106051
2,14,1106253
2,16,1106960
2,15,1107061
2,12,1107162
2,14,1107869
2,25,1108374
2,16,1108576
2,15,1108677
2,12,1108778
2,26,1108980
2,20,1109182
2,11,1110697
2,22,1111303
2,24,1111404
2,14,1112717
2,23,1112818
2,21,1113727
2,18,1114131
2,12,1115242
2,26,1115444
2,21,1116959
2,16,1118272
2,12,1118474
2,23,1119282
2,17,1119585
2,12,1120090
2,17,1121201
2,13,1121403
2,21,1121807
2,26,1121908
2,13,1123019
2,12,1123322
2,19,1123928
2,14,1124029
2,23,1124130
2,13,1124635
2,16,1124736
2,18,1125443
2,13,1126251
2,12,1126554
2,21,1126655
2,23,1127362
2,22,1127463
2,12,1128170
2,11,1128473
2,19,1128776
2,24,1129180
2,13,1129483
2,15,1129685
2,18,1130291
2,14,1130493
2,22,1130695
2,15,1131301
2,21,1133119
2,24,1134028
2,20,1135038
2,22,1135543
2,15,1136149
2,20,1136654
2,19,1136856
2,23,1137058
2,16,1137664
2,12,1137866
2,21,1137967
2,20,1138270
2,19,1138472
2,24,1138876
2,17,1138977
2,16,1139280
2,12,1139482
2,21,1139583
2,26,1139684
2,19,1140088
2,14,1140189
2,25,1140694
2,16,1140896
2,18,1141603
2,14,1141805
2,23,1141906
2,25,1142310
2,16,1142512
2,21,1142815
2,26,1142916
2,16,1144128
2,12,1144330
2,21,1144431
2,26,1144532
2,11,1144633
2,18,1144835
2,23,1145138
2,15,1145845
2,20,1146350
2,18,1146451
2,14,1146653
2,23,1146754
2,22,1146855
2,26,1147764
2,20,1147966
2,23,1148370
2,15,1149077
2,21,1149279
2,20,1149582
2,21,1150895
2,11,1151097
2,20,1151198
2,18,1151299
2,19,1151400
2,14,1151501
2,25,1152006
2,15,1152309
2,24,1153420
2,16,1153824
2,19,1154632
2,13,1155339
2,16,1155440
2,19,1156248
2,22,1156551
2,17,1156753
2,12,1157258
2,11,1157561
2,20,1157662
2,24,1158268
2,17,1158369
2,25,1158470
2,15,1158773
2,12,1158874
2,23,1159682
2,22,1159783
2,16,1160288
2,15,1160389
2,18,1160995
2,22,1161399
2,12,1162106
2,26,1162308
2,19,1162712
2,22,1163015
2,24,1163116
2,16,1163520
2,15,1163621
2,12,1163722
2,21,1163823
2,20,1164126
2,17,1164833
2,13,1165035
2,16,1165136
2,12,1165338
2,21,1165439
2,26,1165540
2,13,1166651
2,15,1166853
2,20,1167358
2,18,1167459
2,17,1168065
2,25,1168166
2,13,1168267
2,16,1168368
2,18,1169075
2,22,1169479
2,17,1169681
2,25,1169782
2,13,1169883
2,16,1169984
2,21,1170287
2,26,1170388
2,20,1170590
2,18,1170691
2,25,1171398
2,13,1173115
2,17,1174529
2,13,1174731
2,12,1175034
2,23,1175842
2,16,1176448
2,12,1176650
2,18,1177155
2,15,1178165
2,12,1178266
2,26,1178468
2,20,1178670
2,18,1178771
2,14,1178973
2,16,1179680
2,15,1179781
2,25,1181094
2,17,1182609
2,25,1182710
2,15,1183013
2,26,1183316
2,14,1183821
2,13,1184427
2,18,1185235
2,23,1185538
2,13,1186043
2,15,1186245
2,26,1186548
2,13,1187659
2,16,1187760
2,12,1187962
2,19,1188568
2,15,1189477
2,12,1189578
2,21,1189679
2,18,1190083
2,14,1190285
2,16,1190992
2,12,1191194
2,14,1191901
2,23,1192002
2,17,1192305
2,25,1192406
2,12,1194426
2,26,1194628
2,13,1195739
2,16,1195840
2,18,1196547
2,22,1196951
2,16,1197456
2,15,1197557
2,21,1197759
2,14,1198365
2,23,1198466
2,25,1198870
2,15,1199173
2,21,1199375
2,26,1199476
2,22,1200183
2,16,1200688
2,15,1200789
2,11,1201193
2,20,1201294
2,23,1201698
2,22,1201799
2,24,1201900
2,15,1202405
2,16,1203920
2,20,1204526
2,13,1205435
2,26,1205940
2,20,1206142
2,18,1206243
2,19,1206344
2,13,1207051
2,16,1207152
2,12,1207354
2,20,1207758
2,23,1208162
2,12,1208970
2,21,1209071
2,24,1209980
2,11,1210889
2,23,1211394
2,13,1211899
2,21,1212303
2,20,1212606
2,14,1212909
2,23,1213010
2,22,1213111
2,25,1213414
2,22,1214727
2,25,1215030
2,20,1215838
2,23,1216242
2,24,1216444
2,16,1216848
2,12,1217050
2,19,1217656
2,24,1218060
2,15,1218565
2,12,1218666
2,21,1218767
2,26,1218868
2,23,1219474
2,17,1219777
2,16,1220080
2,12,1220282
2,11,1220585
2,14,1220989
2,22,1221191
2,20,1222302
2,13,1223211
2,21,1223615
2,11,1223817
2,14,1224221
2,23,1224322
2,22,1224423
2,24,1224524
2,16,1224928
2,26,1225332
2,18,1225635
2,22,1226039
2,17,1226241
2,25,1226342
2,12,1226746
2,17,1227857
2,25,1227958
2,21,1228463
2,26,1228564
2,20,1228766
2,14,1229069
2,24,1229372
2,17,1229473
2,12,1229978
2,26,1230180
2,24,1230988
2,15,1231493
2,26,1231796
2,20,1231998
2,18,1232099
2,19,1232200
2,25,1232806
2,26,1233412
2,20,1233614
2,18,1233715
2,24,1234220
2,17,1234321
2,13,1234523
2,16,1234624
2,11,1235129
2,23,1235634
2,22,1235735
2,15,1236341
2,21,1236543
2,20,1236846
2,19,1237048
2,14,1237149
2,24,1237452
2,25,1237654
2,13,1237755
2,21,1238159
2,19,1238664
2,14,1238765
2,23,1238866
2,15,1239573
2,20,1240078
2,18,1240179
2,19,1240280
2,22,1240583
2,24,1240684
2,15,1241189
2,11,1241593
2,18,1241795
2,19,1241896
2,25,1242502
2,15,1242805
2,12,1242906
2,21,1243007
2,18,1243411
2,14,1243613
2,23,1243714
2,24,1243916
2,12,1244522
2,25,1245734
2,16,1245936
2,15,1246037
2,25,1247350
2,21,1247855
2,26,1247956
2,23,1248562
2,17,1248865
2,17,1250481
2,15,1252501
2,12,1252602
2,26,1252804
2,24,1253612
2,15,1254117
2,19,1254824
2,25,1255430
2,12,1255834
2,26,1256036
2,23,1256642
2,17,1256945
2,13,1257147
2,13,1258763
2,26,1259268
2,20,1259470
2,16,1260480
2,20,1261086
2,19,1261288
2,22,1261591
2,24,1261692
2,15,1262197
2,12,1262298
2,26,1262500
2,22,1263207
2,13,1263611
2,16,1263712
2,19,1264520
2,14,1264621
2,22,1264823
2,13,1265227
2,26,1265732
2,11,1265833
2,14,1266237
2,18,1267651
2,19,1267752
2,25,1268358
2,13,1268459
2,19,1269368
2,16,1270176
2,12,1270378
2,14,1271085
2,24,1271388
2,17,1271489
2,13,1271691
2,11,1272297
2,20,1272398
2,17,1273105
2,16,1273408
2,21,1273711
2,20,1274014
2,12,1275226
2,21,1275327
2,19,1275832
2,14,1275933
2,15,1276741
2,12,1276842
2,19,1277448
2,14,1277549
2,16,1278256
2,12,1278458
2,21,1278559
2,26,1278660
2,20,1278862
2,18,1278963
2,17,1279569
2,19,1280680
2,11,1281993
2,20,1282094
2,15,1283205
2,12,1283306
2,21,1283407
2,22,1284215
2,17,1284417
2,12,1284922
2,20,1285326
2,18,1285427
2,23,1285730
2,16,1286336
2,15,1286437
2,11,1286841
2,14,1287245
2,25,1287750
2,14,1288861
2,17,1289265
2,16,1289568
2,16,1291184
2,15,1291285
2,26,1291588
2,11,1291689
2,23,1292194
2,25,1292598
2,16,1292800
2,11,1293305
2,14,1293709
2,13,1294315
2,12,1294618
2,14,1295325
2,22,1295527
2,15,1296133
2,21,1296335
2,20,1296638
2,22,1297143
2,17,1297345
2,21,1297951
2,11,1298153
2,18,1298355
2,16,1299264
2,19,1300072
2,14,1300173
2,15,1300981
2,12,1301082
2,20,1301486
2,20,1303102
2,23,1303506
2,20,1304718
2,24,1305324
2,25,1305526
2,18,1306435
2,14,1306637
2,13,1307243
2,20,1307950
2,14,1308253
2,22,1308455
2,21,1309263
2,20,1309566
2,14,1309869
2,23,1309970
2,24,1310172
2,17,1310273
2,25,1310374
2,24,1311788
2,13,1312091
2,20,1312798
2,18,1312899
2,13,1313707
2,15,1313909
2,12,1315626
2,22,1316535
2,15,1317141
2,26,1317444
2,11,1317545
2,20,1317646
2,23,1318050
2,13,1318555
2,15,1318757
2,13,1320171
2,26,1320676
2,11,1320777
2,20,1320878
2,22,1321383
2,17,1321585
2,11,1322393
2,17,1323201
2,11,1324009
2,19,1324312
2,22,1324615
2,24,1324716
2,15,1325221
2,21,1325423
2,26,1325524
2,19,1325928
2,16,1326736
2,15,1326837
2,20,1327342
2,22,1327847
2,16,1328352
2,15,1328453
2,24,1329564
2,13,1329867
2,12,1330170
2,26,1330372
2,23,1330978
2,24,1331180
2,17,1331281
2,13,1331483
2,12,1331786
2,26,1331988
2,20,1332190
2,22,1332695
2,25,1332998
2,12,1333402
2,21,1333503
2,18,1333907
2,19,1334008
2,23,1334210
2,22,1334311
2,17,1334513
2,13,1334715
2,12,1335018
2,18,1335523
2,23,1335826
2,22,1335927
2,13,1336331
2,12,1336634
2,20,1337038
2,11,1338553
2,20,1338654
2,18,1338755
2,19,1338856
2,14,1338957
2,24,1339260
2,13,1339563
2,11,1340169
2,22,1340775
2,24,1340876
2,16,1341280
2,26,1341684
2,14,1342189
2,25,1342694
2,12,1343098
2,19,1343704
2,22,1344007
2,17,1344209
2,25,1344310
2,15,1344613
2,20,1345118
2,23,1345522
2,22,1345623
2,24,1345724
2,16,1346128
2,12,1346330
2,14,1347037
2,25,1347542
2,16,1347744
2,26,1348148
2,11,1348249
2,20,1348350
2,19,1348552
2,16,1349360
2,21,1349663
2,14,1350269
2,16,1350976
2,20,1351582
2,19,1351784
2,22,1352087
2,13,1352491
2,12,1352794
2,26,1352996
2,14,1353501
2,25,1354006
2,16,1354208
2,26,1354612
2,14,1355117
2,13,1355723
2,16,1355824
2,12,1356026
2,20,1356430
2,18,1356531
2,22,1356935
2,17,1357137
2,13,1357339
2,12,1357642
2,26,1357844
2,19,1358248
2,25,1358855
2,13,1358955
2,21,1359359
2,18,1359763
2,14,1359965
2,17,1360369
2,15,1360773
2,20,1361278
2,18,1361379
2,14,1361581
2,22,1361783
2,17,1361985
2,25,1362086
2,15,1362389
2,20,1362894
2,17,1363601
2,13,1363803
2,15,1365621
2,12,1365722
2,18,1366227
2,20,1367742
2,18,1367843
2,14,1368045
2,21,1369055
2,14,1369661
2,23,1369762
2,24,1369964
2,16,1370368
2,15,1370469
2,26,1370772
2,11,1370873
2,20,1370974
2,18,1371075
2,24,1371580
2,17,1371681
2,14,1372893
2,23,1372994
2,13,1373499
2,16,1373600
2,26,1374004
2,14,1374509
2,23,1374610
2,17,1376529
2,15,1376933
2,11,1377337
2,14,1377741
2,23,1377842
2,17,1378145
2,25,1378246
2,16,1378448
2,15,1378549
2,12,1378650
2,26,1378852
2,13,1379963
2,11,1380569
2,20,1382286
2,24,1382892
2,16,1383296
2,12,1383498
2,20,1383902
2,24,1384508
2,25,1384710
2,12,1385114
2,21,1385215
2,26,1385316
2,20,1385518
2,13,1386427
2,11,1387033
2,20,1387134
2,23,1387538
2,22,1387639
2,12,1388346
2,20,1388750
2,18,1388851
2,23,1389154
2,22,1389255
2,17,1389457
2,16,1389760
2,21,1390063
2,23,1390770
2,22,1390871
2,17,1391073
2,25,1391174
2,15,1391477
2,21,1391679
2,11,1391881
2,20,1391982
2,14,1392285
2,22,1392487
2,25,1392790
2,12,1393194
2,26,1393396
2,11,1393497
2,25,1394406
2,13,1394507
2,16,1394608
2,21,1394911
2,11,1395113
2,24,1395820
2,13,1396123
2,12,1396426
2,11,1396729
2,18,1396931
2,23,1397234
2,24,1397436
2,17,1397537
2,25,1397638
2,15,1397941
2,12,1398042
2,26,1398244
2,11,1398345
2,19,1398648
2,22,1398951
2,24,1399052
2,17,1399153
2,16,1399456
2,12,1399658
2,18,1400163
2,23,1400466
2,11,1401577
2,18,1401779
2,14,1401981
2,16,1402688
2,20,1403294
2,22,1403799
2,16,1404304
2,12,1404506
2,22,1405415
2,16,1405920
2,18,1406627
2,15,1407637
2,11,1408041
2,20,1408142
2,22,1408647
2,21,1409455
2,22,1410263
2,17,1410465
2,13,1410667
2,15,1410869
2,25,1412182
2,13,1412283
2,26,1412788
2,11,1412889
2,20,1412990
2,23,1413394
2,17,1413697
2,16,1414000
2,26,1414404
2,19,1414808
2,22,1415111
2,21,1415919
2,18,1416323
2,22,1416727
2,17,1416929
2,15,1417333
2,12,1417434
2,19,1418040
2,13,1418747
2,26,1419252
2,13,1420363
2,15,1420565
2,12,1420666
2,18,1421171
2,14,1421373
2,22,1421575
2,17,1421777
2,16,1422080
2,15,1422181
2,17,1423393
2,25,1425110
2,13,1425211
2,11,1425817
2,18,1426019
2,25,1426726
2,21,1427231
2,11,1427433
2,20,1427534
2,19,1427736
2,22,1428039
2,16,1428544
2,15,1428645
2,12,1428746
2,26,1428948
2,18,1429251
2,19,1429352
2,14,1429453
2,22,1429655
2,15,1430261
2,12,1430362
2,25,1431574
2,16,1431776
2,12,1431978
2,14,1432685
2,22,1432887
2,24,1432988
2,25,1433190
2,16,1433392
2,12,1433594
2,20,1433998
2,14,1434301
2,24,1434604
2,13,1434907
2,21,1435311
2,19,1435816
2,25,1436422
2,15,1436725
2,12,1436826
2,21,1436927
2,11,1437129
2,18,1437331
2,17,1437937
2,13,1438139
2,16,1438240
2,20,1438846
2,18,1438947
2,24,1439452
2,13,1439755
2,18,1440563
2,19,1440664
2,14,1440765
2,26,1441876
2,18,1442179
2,22,1442583
2,24,1442684
2,17,1442785
2,25,1442886
2,12,1443290
2,26,1443492
2,20,1443694
2,19,1443896
2,26,1445108
2,18,1445411
2,22,1445815
2,17,1446017
2,12,1446522
2,11,1446825
2,18,1447027
2,19,1447128
2,25,1447734
2,16,1447936
2,19,1448744
2,13,1449451
2,16,1449552
2,12,1449754
2,19,1450360
2,22,1450663
2,20,1453390
2,19,1453592
2,25,1454198
2,16,1454400
2,11,1454905
2,22,1455511
2,17,1455713
2,25,1455814
2,26,1456420
2,13,1457531
2,15,1457733
2,26,1458036
2,25,1459046
2,16,1459248
2,26,1459652
2,13,1460763
2,26,1461268
2,20,1461470
2,25,1462278
2,15,1462581
2,12,1462682
2,26,1462884
2,11,1462985
2,22,1463591
2,24,1463692
2,13,1463995
2,19,1464904
2,23,1465106
2,22,1465207
2,24,1465308
2,13,1465611
2,15,1465813
2,21,1466015
2,26,1466116
2,19,1466520
2,14,1466621
2,17,1467025
2,25,1467126
2,12,1467530
2,11,1467833
2,24,1468540
2,12,1469146
2,20,1469550
2,18,1469651
2,23,1469954
2,22,1470055
2,24,1470156
2,25,1470358
2,13,1470459
2,26,1470964
2,11,1471065
2,20,1471166
2,14,1471469
2,24,1471772
2,25,1471974
2,13,1472075
2,16,1472176
2,26,1472580
2,11,1472681
2,19,1472984
2,14,1473085
2,22,1473287
2,13,1473691
2,16,1473792
2,26,1474196
2,11,1474297
2,17,1475105
2,25,1475206
2,15,1475509
2,26,1475812
2,14,1476317
2,22,1476519
2,13,1476923
2,15,1477125
2,21,1477327
2,26,1477428
2,20,1477630
2,19,1477832
2,25,1478438
2,16,1478640
2,17,1479953
2,13,1480155
2,15,1480357
2,20,1480862
2,25,1481670
2,13,1481771
2,19,1482680
2,22,1482983
2,16,1483488
2,15,1483589
2,12,1483690
2,21,1483791
2,11,1483993
2,17,1484801
2,16,1485104
2,14,1486013
2,22,1486215
2,25,1486518
2,15,1486821
2,12,1486922
2,20,1487326
2,22,1487831
2,13,1488235
2,19,1489144
2,24,1489548
2,16,1489952
2,19,1490760
2,17,1491265
2,16,1491568
2,15,1491669
2,26,1491972
2,23,1492578
2,24,1492780
2,25,1492982
2,11,1493689
2,18,1493891
2,22,1494295
2,24,1494396
2,13,1494699
2,19,1497224
2,25,1497830
2,15,1498133
2,18,1498739
2,22,1499143
2,24,1499244
2,17,1499345
2,13,1499547
2,11,1500153
2,14,1500557
2,12,1501466
2,19,1502072
2,14,1502173
2,16,1502880
2,18,1503587
2,24,1504092
2,17,1504193
2,25,1504294
2,13,1504395
2,16,1504496
2,11,1505001
2,19,1505304
2,14,1505405
2,23,1505506
2,24,1505708
2,17,1505809
2,12,1506314
2,21,1506415
2,26,1506516
2,18,1506819
2,14,1507021
2,13,1507627
2,21,1508031
2,26,1508132
2,18,1508435
2,14,1508637
2,23,1508738
2,20,1509950
2,23,1510354
2,22,1510455
2,13,1510859
2,16,1510960
2,11,1511465
2,19,1511768
2,14,1511869
2,13,1512475
2,15,1512677
2,19,1513384
2,14,1513485
2,16,1514192
2,12,1514394
2,14,1515101
2,24,1515404
2,25,1515606
2,15,1515909
2,18,1516515
2,22,1516919
2,24,1517020
2,15,1517525
2,12,1517626
2,11,1517929
2,23,1518434
2,22,1518535
2,24,1518636
2,13,1518939
2,15,1519141
2,12,1519242
2,23,1520050
2,26,1521060
2,13,1522171
2,15,1522373
2,20,1522878
2,18,1522979
2,23,1523282
2,15,1523989
2,12,1524090
2,11,1524393
2,23,1524898
2,15,1525605
2,12,1525706
2,21,1525807
2,20,1526110
2,21,1527423
2,20,1527726
2,13,1530251
2,16,1530352
2,12,1530554
2,18,1531059
2,19,1531160
2,22,1531463
2,16,1531968
2,21,1532271
2,26,1532372
2,19,1532776
2,14,1532877
2,23,1532978
2,22,1533079
2,24,1533180
2,20,1534190
2,13,1535099
2,16,1535200
2,12,1535402
2,25,1536614
2,12,1537018
2,11,1537321
2,20,1537422
2,19,1537624
2,23,1537826
2,22,1537927
2,17,1538129
2,25,1538230
2,13,1538331
2,12,1538634
2,14,1539341
2,23,1539442
2,17,1539745
2,16,1540048
2,21,1540351
2,19,1540856
2,17,1541361
2,26,1542068
2,11,1542169
2,20,1542270
2,18,1542371
2,24,1542876
2,12,1543482
2,21,1543583
2,18,1543987
2,24,1544492
2,12,1545098
2,21,1545199
2,11,1545401
2,20,1545502
2,24,1546108
2,17,1546209
2,20,1547118
2,17,1547825
2,16,1548128
2,12,1548330
2,26,1548532
2,15,1549845
2,14,1550653
2,17,1551057
2,16,1551360
2,21,1551663
2,26,1551764
2,24,1552572
2,13,1552875
2,16,1552976
2,12,1553178
2,26,1553380
2,18,1553683
2,19,1553784
2,17,1554289
2,21,1554895
2,20,1555198
2,18,1555299
2,15,1556309
2,11,1556713
2,14,1557117
2,24,1557420
2,21,1558127
2,18,1558531
2,22,1558935
2,17,1559137
2,15,1559541
2,26,1559844
2,24,1560652
2,25,1560854
2,13,1560955
2,11,1561561
2,18,1561763
2,19,1561864
2,22,1562167
2,17,1562369
2,13,1562571
2,15,1562773
2,12,1562874
2,11,1563177
2,14,1563581
2,13,1564187
2,26,1564692
2,24,1565500
2,15,1566005
2,26,1566308
2,22,1567015
2,16,1567520
2,23,1568530
2,17,1568833
2,25,1568934
2,13,1569035
2,21,1569439
2,26,1569540
2,19,1569944
2,22,1570247
2,24,1570348
2,17,1570449
2,16,1570752
2,15,1570853
2,12,1570954
2,11,1571257
2,19,1571560
2,14,1571661
2,22,1571863
2,12,1572570
2,23,1573378
2,24,1573580
2,15,1574085
2,21,1574287
2,20,1574590
2,22,1575095
2,17,1575297
2,25,1575398
2,13,1575499
2,18,1576307
2,19,1576408
2,23,1576610
2,24,1576812
2,17,1576913
2,16,1577216
2,12,1577418
2,18,1577923
2,19,1578024
2,24,1578428
2,21,1579135
2,23,1579842
2,16,1580448
2,19,1581256
2,14,1581357
2,24,1581660
2,13,1581963
2,15,1582165
2,22,1583175
2,12,1583882
2,12,1585498
2,20,1585902
2,13,1586811
2,12,1587114
2,14,1587821
2,23,1587922
2,24,1588124
2,16,1588528
2,12,1588730
2,21,1588831
2,22,1589639
2,16,1590144
2,26,1590548
2,20,1590750
2,23,1591154
2,26,1592164
2,22,1592871
2,24,1592972
2,17,1593073
2,25,1593174
2,15,1593477
2,19,1594184
2,14,1594285
2,22,1594487
2,25,1594790
2,16,1594992
2,21,1595295
2,26,1595396
2,13,1596507
2,16,1596608
2,26,1597012
2,24,1597820
2,13,1598123
2,15,1598325
2,26,1598628
2,20,1598830
2,22,1599335
2,25,1599638
2,26,1600244
2,11,1600345
2,18,1600547
2,19,1600648
2,23,1600850
2,13,1601355
2,19,1602264
2,22,1602567
2,11,1603577
2,19,1603880
2,14,1603981
2,20,1605294
2,22,1605799
2,24,1605900
2,11,1606809
2,19,1607112
2,17,1607617
2,12,1608122
2,21,1608223
2,11,1608425
2,20,1608526
2,18,1608627
2,16,1609536
2,11,1610041
2,18,1610243
2,17,1610849
2,13,1611051
2,18,1611859
2,24,1612364
2,13,1612667
2,15,1612869
2,12,1612970
2,21,1613071
2,26,1613172
2,18,1613475
2,19,1613576
2,23,1613778
2,13,1614283
2,15,1614485
2,11,1614889
2,13,1615899
2,15,1616101
2,21,1616303
2,26,1616404
2,18,1616707
2,22,1617111
2,24,1617212
2,25,1617414
2,25,1619030
2,13,1619131
2,26,1619636
2,11,1619737
2,12,1621050
2,18,1621555
2,19,1621656
2,17,1622161
2,13,1622363
2,26,1622868
2,11,1622969
2,20,1623070
2,13,1623979
2,15,1624181
2,19,1624888
2,14,1624989
2,22,1625191
2,24,1625292
2,25,1625494
2,13,1625595
2,12,1625898
2,21,1625999
2,26,1626100
2,22,1626807
2,13,1627211
2,15,1627413
2,26,1627716
2,11,1627817
2,20,1627918
2,18,1628019
2,19,1628120
2,17,1628625
2,16,1628928
2,23,1629938
2,25,1630342
2,12,1630746
2,20,1631150
2,14,1631453
2,18,1632867
2,24,1633372
2,13,1633675
2,15,1633877
2,11,1634281
2,20,1634382
2,18,1634483
2,23,1634786
2,12,1635594
2,21,1635695
2,22,1636503
2,17,1636705
2,26,1637412
2,20,1637614
2,19,1637816
2,13,1638523
2,16,1638624
2,12,1638826
2,18,1639331
2,19,1639432
2,24,1639836
2,17,1639937
2,13,1640139
2,16,1640240
2,12,1640442
2,19,1641048
2,14,1641149
2,22,1641351
2,13,1641755
2,24,1643068
2,16,1643472
2,12,1643674
2,26,1643876
2,20,1644078
2,23,1644482
2,22,1644583
2,17,1644785
2,16,1645088
2,26,1645492
2,20,1645694
2,19,1645896
2,22,1646199
2,16,1646704
2,15,1646805
2,26,1647108
2,19,1649128
2,22,1649431
2,17,1649633
2,25,1649734
2,16,1649936
2,15,1650037
2,12,1650138
2,26,1650340
2,11,1650441
2,17,1651249
2,18,1652259
2,25,1652966
2,12,1653370
2,22,1654279
2,13,1654683
2,20,1655390
2,18,1655491
2,22,1655895
2,17,1656097
2,16,1656400
2,26,1656804
2,22,1657511
2,11,1658521
2,16,1659632
2,21,1659935
2,20,1660238
2,13,1661147
2,16,1661248
2,21,1661551
2,11,1661753
2,20,1661854
2,22,1662359
2,17,1662561
2,13,1662763
2,15,1662965
2,26,1663268
2,23,1663874
2,24,1664076
2,17,1664177
2,25,1664278
2,13,1664379
2,11,1664985
2,20,1665086
2,23,1665490
2,22,1665591
2,16,1666096
2,15,1666197
2,20,1666702
2,18,1666803
2,24,1667308
2,26,1668116
2,25,1669126
2,15,1669429
2,12,1669530
2,14,1670237
2,22,1670439
2,13,1670843
2,26,1671348
2,20,1671550
2,23,1671954
2,22,1672055
2,24,1672156
2,26,1672964
2,11,1673065
2,19,1673368
2,22,1673671
2,26,1674580
2,19,1674984
2,24,1675388
2,12,1675994
2,18,1676499
2,14,1676701
2,23,1676802
2,24,1677004
2,11,1677913
2,14,1678317
2,25,1678822
2,26,1679428
2,20,1679630
2,14,1679933
2,22,1680135
2,17,1680337
2,25,1680438
2,12,1680842
2,21,1680943
2,19,1681448
2,12,1682458
2,21,1682559
2,11,1682761
2,23,1683266
2,16,1683872
2,11,1684377
2,22,1684983
2,24,1685084
2,21,1685791
2,14,1686397
2,22,1686599
2,15,1687205
2,11,1687609
2,18,1687811
2,23,1688114
2,17,1688417
2,13,1688619
2,16,1688720
2,20,1689326
2,18,1689427
2,14,1689629
2,22,1689831
2,25,1690134
2,26,1690740
2,18,1691043
2,23,1691346
2,22,1691447
2,17,1691649
2,21,1692255
2,18,1692659
2,14,1692861
2,17,1693265
2,15,1693669
2,19,1694376
2,13,1695083
2,15,1695285
2,12,1695386
2,18,1695891
2,23,1696194
2,26,1697204
2,11,1697305
2,20,1697406
2,16,1698416
2,18,1699123
2,23,1699426
2,18,1700739
2,14,1700941
2,23,1701042
2,17,1701345
2,16,1701648
2,15,1701749
2,23,1702658
2,22,1702759
2,24,1702860
2,11,1703769
2,19,1704072
2,17,1704577
2,25,1704678
2,16,1704880
2,21,1705183
2,13,1706395
2,16,1706496
2,12,1706698
2,26,1706900
2,18,1707203
2,23,1707506
2,24,1707708
2,16,1708112
2,26,1708516
2,11,1708617
2,13,1709627
2,23,1710738
2,13,1711243
2,16,1711344
2,15,1711445
2,26,1713364
2,11,1713465
2,23,1713970
2,17,1714273
2,20,1715182
2,24,1715788
2,13,1716091
2,20,1716798
2,19,1717000
2,14,1717101
2,24,1717404
2,13,1717707
2,18,1718515
2,22,1718919
2,24,1719020
2,21,1719727
2,20,1720030
2,25,1720838
2,13,1720939
2,26,1721444
2,11,1721545
2,23,1722050
2,25,1722454
2,26,1723060
2,20,1723262
2,23,1723666
2,22,1723767
2,16,1724272
2,15,1724373
2,21,1724575
2,18,1724979
2,23,1725282
2,19,1726696
2,14,1726797
2,25,1727302
2,26,1727908
2,14,1728413
2,22,1728615
2,25,1728918
2,12,1729322
2,11,1729625
2,20,1729726
2,14,1730029
2,24,1730332
2,17,1730433
2,21,1731039
2,18,1731443
2,14,1731645
2,25,1732150
2,13,1732251
2,16,1732352
2,22,1733463
2,17,1733665
2,12,1734170
2,21,1734271
2,22,1735079
2,24,1735180
2,17,1735281
2,23,1736594
2,25,1736998
2,16,1737200
2,12,1737402
2,24,1738412
2,20,1739422
2,18,1739523
2,14,1739725
2,24,1740028
2,13,1740331
2,12,1740634
2,22,1741543
2,24,1741644
2,25,1741846
2,13,1741947
2,15,1742149
2,21,1742351
2,26,1742452
2,11,1742553
2,16,1743664
2,17,1744977
2,25,1745078
2,12,1745482
2,18,1745987
2,23,1746290
2,17,1746593
2,25,1746694
2,16,1746896
2,15,1746997
2,12,1747098
2,21,1747199
2,11,1747401
2,25,1748310
2,16,1748512
2,20,1749118
2,17,1749825
2,12,1750330
2,26,1750532
2,11,1750633
2,14,1751037
2,24,1751340
2,17,1751442
2,26,1752148
2,18,1752451
2,14,1752653
2,12,1753562
2,11,1753865
2,18,1754067
2,22,1754471
2,24,1754572
2,13,1754875
2,16,1754976
2,26,1755380
2,11,1755481
2,13,1756491
2,21,1756895
2,11,1757097
2,25,1758006
2,20,1758814
2,13,1759723
2,20,1760430
2,19,1760632
2,23,1760834
2,22,1760935
2,26,1761844
2,11,1761945
2,19,1762248
2,15,1763157
2,21,1763359
2,14,1763965
2,24,1764268
2,16,1764672
2,12,1764874
2,20,1765278
2,23,1765682
2,22,1765783
2,25,1766086
2,13,1766187
2,15,1766389
2,12,1768106
2,11,1768409
2,20,1768510
2,19,1768712
2,14,1768813
2,23,1768914
2,15,1769621
2,12,1769722
2,18,1770227
2,26,1771540
2,23,1772146
2,22,1772247
2,25,1772550
2,21,1773055
2,19,1773560
2,24,1773964
2,25,1774166
2,12,1774570
2,25,1775782
2,16,1775984
2,15,1776085
2,20,1776590
2,22,1777095
2,17,1777297
2,21,1777903
2,26,1778004
2,11,1778105
2,24,1778812
2,12,1779418
2,26,1779620
2,20,1779822
2,19,1780024
2,14,1780125
2,17,1780529
2,25,1780630
2,21,1781135
2,16,1782448
2,12,1782650
2,11,1782953
2,23,1783458
2,22,1783559
2,25,1783862
2,12,1784266
2,21,1784367
2,14,1784973
2,26,1786084
2,11,1786185
2,14,1786589
2,24,1786892
2,13,1787195
2,16,1787296
2,26,1787700
2,23,1788306
2,16,1788912
2,20,1789518
2,18,1789619
2,12,1790730
2,21,1790831
2,11,1791033
2,20,1791134
2,23,1791538
2,15,1792245
2,21,1794063
2,19,1794568
2,22,1794871
2,25,1795174
2,12,1795578
2,22,1796487
2,15,1797093
2,26,1797396
2,23,1798002
2,15,1798709
2,19,1799416
2,15,1800325
2,26,1800628
2,11,1802345
2,20,1802446
2,14,1802749
2,11,1803961
2,18,1804163
2,19,1804264
2,23,1804466
2,19,1805880
2,14,1805981
2,17,1806385
2,25,1806486
2,15,1806789
2,23,1807698
2,17,1808001
2,25,1808102
2,15,1808405
2,11,1808809
2,20,1808910
2,14,1809213
2,24,1809516
2,17,1809617
2,16,1809920
2,26,1810324
2,18,1810627
2,23,1810930
2,25,1811334
2,11,1812041
2,20,1812142
2,18,1812243
2,25,1812950
2,12,1813354
2,24,1814364
2,13,1814667
2,21,1815071
2,11,1815273
2,12,1816586
2,21,1816687
2,20,1816990
2,18,1817091
2,19,1817192
2,22,1817495
2,18,1818707
2,22,1819111
2,17,1819313
2,13,1819515
2,12,1819818
2,11,1820121
2,19,1820424
2,22,1820727
2,17,1820929
2,16,1821232
2,15,1821333
2,16,1822848
2,12,1823050
2,14,1823757
2,25,1824262
2,12,1824666
2,20,1825070
2,14,1825373
2,16,1826080
2,21,1826384
2,26,1826484
2,11,1826585
2,14,1826989
2,22,1827191
2,24,1827292
2,25,1827494
2,15,1827797
2,12,1827898
2,18,1828403
2,14,1828605
2,22,1828807
2,17,1829009
2,25,1829110
2,22,1830423
2,20,1831534
2,19,1831736
2,23,1831938
2,24,1832140
2,16,1832544
2,20,1833150
2,23,1833554
2,22,1833655
2,17,1833857
2,26,1834564
2,18,1834867
2,14,1835069
2,13,1835675
2,16,1835776
2,19,1836584
2,14,1836685
2,24,1836988
2,12,1837594
2,11,1837897
2,20,1837998
2,24,1838604
2,17,1838705
2,25,1838806
2,13,1838907
2,20,1839614
2,14,1839917
2,23,1840018
2,24,1840220
2,11,1841129
2,19,1841432
2,17,1841937
2,25,1842038
2,21,1842543
2,22,1843351
2,12,1844058
2,20,1844462
2,18,1844563
2,14,1844765
2,22,1844967
2,25,1845270
2,21,1845775
2,11,1845977
2,18,1846179
2,22,1846583
2,25,1846886
2,18,1847795
2,14,1847997
2,16,1848704
2,15,1848805
2,11,1849209
2,14,1849613
2,16,1850320
2,15,1850421
2,21,1850623
2,11,1850825
2,25,1851734
2,18,1852643
2,14,1852845
2,23,1852946
2,17,1853249
2,25,1853350
2,20,1854158
2,19,1854360
2,15,1855269
2,21,1855471
2,14,1856077
2,23,1856178
2,25,1856582
2,21,1857087
2,14,1857693
2,13,1858299
2,16,1858400
2,15,1858501
2,26,1858804
2,20,1859006
2,18,1859107
2,21,1860319
2,11,1860521
2,18,1860723
2,23,1861026
2,24,1861228
2,13,1861531
2,16,1861632
2,11,1862137
2,20,1862238
2,23,1862642
2,15,1863349
2,12,1863450
2,26,1863652
2,14,1864157
2,22,1864359
2,12,1865066
2,14,1865773
2,25,1866278
2,26,1866884
2,20,1867086
2,22,1867591
2,19,1868904
2,15,1869813
2,26,1870116
2,22,1870823
2,25,1871126
2,15,1871429
2,12,1871530
2,11,1871833
2,23,1872338
2,26,1873348
2,20,1873550
2,12,1874762
2,11,1875065
2,20,1875166
2,18,1875267
2,14,1875469
2,16,1876176
2,12,1876378
2,18,1876883
2,19,1876984
2,16,1877792
2,26,1878196
2,19,1878600
2,13,1879307
2,26,1879812
2,18,1880115
2,17,1880721
2,11,1881529
2,14,1881933
2,23,1882034
2,12,1882842
2,26,1883044
2,11,1883145
2,20,1883246
2,19,1883448
2,15,1884357
2,21,1884559
2,20,1884862
2,23,1885266
2,26,1886276
2,18,1886579
2,19,1886680
2,14,1886781
2,24,1887084
2,24,1888700
2,17,1888801
2,16,1889104
2,21,1889407
2,24,1890316
2,11,1891225
2,20,1891326
2,19,1891528
2,14,1891629
2,13,1892235
2,16,1892336
2,11,1892841
2,18,1893043
2,19,1893144
2,22,1893447
2,15,1894053
2,18,1894659
2,16,1895568
2,21,1895871
2,14,1896477
2,16,1897184
2,19,1897992
2,24,1898396
2,17,1898497
2,13,1898699
2,11,1899305
2,20,1899406
2,14,1899709
2,24,1900012
2,25,1900214
2,13,1900315
2,12,1900618
2,21,1900719
2,11,1900921
2,20,1901022
2,24,1901629
2,26,1902436
2,14,1902941
2,24,1903244
2,17,1903345
2,12,1903850
2,20,1904254
2,23,1904658
2,22,1904759
2,12,1905466
2,18,1905971
2,24,1906476
2,17,1906577
2,13,1906780
2,15,1906981
2,12,1907082
2,25,1908294
2,13,1908395
2,16,1908496
2,18,1909203
2,19,1909305
2,22,1909607
2,25,1909910
2,12,1910314
2,17,1911425
2,16,1911728
2,19,1912536
2,14,1912637
2,22,1912839
2,16,1913344
2,12,1913546
2,21,1913647
2,20,1913950
2,19,1914152
2,11,1915465
2,12,1916778
2,21,1916879
2,14,1917485
2,17,1917889
2,25,1917990
2,18,1918899
2,19,1919000
2,23,1919202
2,22,1919303
2,25,1919606
2,19,1920616
2,22,1920919
2,18,1922131
2,19,1922232
2,15,1923141
2,12,1923242
2,26,1923444
2,11,1923545
2,26,1925060
2,20,1925262
2,19,1925464
2,24,1925868
2,15,1926373
2,26,1926676
2,23,1927282
2,17,1927585
2,15,1927989
2,26,1928292
2,19,1928696
2,17,1929201
2,16,1929504
2,12,1929706
2,18,1930211
2,19,1930312
2,13,1931019
2,16,1931120
2,26,1931524
2,18,1931827
2,25,1932534
2,13,1932635
2,20,1933342
2,23,1933746
2,12,1934554
2,21,1934655
2,12,1936170
2,21,1936271
2,26,1936372
2,11,1936473
2,20,1936574
2,22,1937079
2,15,1937685
2,12,1937786
2,26,1937988
2,18,1938291
2,22,1940311
2,17,1940513
2,21,1941119
2,23,1941826
2,22,1941927
2,17,1942129
2,12,1942634
2,23,1943442
2,14,1944957
2,24,1945260
2,13,1945563
2,15,1945765
2,26,1946068
2,18,1946371
2,14,1946573
2,13,1947179
2,15,1947381
2,26,1947684
2,18,1947987
2,23,1948290
2,25,1948694
2,13,1948795
2,12,1949098
2,21,1949199
2,20,1949502
2,26,1950916
2,18,1951219
2,14,1951421
2,16,1952129
2,25,1953542
2,20,1954350
2,18,1954451
2,19,1954552
2,23,1954754
2,17,1955057
2,13,1955259
2,15,1955461
2,21,1955664
2,11,1955865
2,20,1955966
2,22,1956471
2,15,1957077
2,12,1957178
2,20,1957582
2,23,1957986
2,25,1958391
2,23,1959602
2,22,1959703
2,26,1960612
2,15,1961925
2,26,1962228
2,18,1962531
2,23,1962834
2,22,1962935
2,24,1963036
2,13,1963339
2,21,1963743
2,26,1963844
2,19,1964248
2,17,1964753
2,25,1964854
2,13,1964955
2,16,1965056
2,21,1965359
2,26,1965460
2,18,1965763
2,19,1965864
2,17,1966369
2,16,1966672
2,12,1966874
2,26,1967076
2,20,1967278
2,17,1967985
2,15,1968389
2,11,1968793
2,19,1969096
2,14,1969198
2,23,1969298
2,17,1969601
2,15,1970005
2,26,1970308
2,20,1970510
2,14,1970813
2,23,1970914
2,22,1971015
2,17,1971217
2,16,1971520
2,11,1972026
2,24,1972732
2,16,1973136
2,15,1973237
2,12,1973338
2,21,1973439
2,19,1973944
2,22,1974247
2,12,1974954
2,21,1975055
2,20,1975358
2,19,1975560
2,23,1975762
2,22,1975863
2,17,1976065
2,20,1976974
2,14,1977277
2,12,1978186
2,11,1978489
2,18,1978691
2,19,1978792
2,24,1979196
2,17,1979297
2,16,1979600
2,20,1980206
2,14,1980509
2,17,1980913
2,25,1981014
2,16,1981216
2,20,1981822
2,17,1982529
2,16,1982832
2,11,1983337
2,23,1983842
2,17,1984145
2,15,1984549
2,12,1984650
2,21,1984751
2,24,1985660
2,26,1986468
2,18,1986771
2,17,1987377
2,26,1988084
2,20,1988286
2,23,1988690
2,22,1988791
2,15,1989397
2,20,1989902
2,23,1990306
2,22,1990407
2,24,1992124
2,12,1992730
2,19,1993336
2,17,1993841
2,26,1994548
2,20,1994750
2,18,1994851
2,19,1994952
2,16,1995760
2,12,1995962
2,26,1996164
2,11,1996265
2,20,1996366
2,25,1997174
2,14,1998285
2,23,1998386
2,25,1998790
2,13,1998891
2,15,1999093
2,18,1999699
2,14,1999901
2,24,2000204
2,17,2000305
2,16,2000608
2,21,2000911
2,17,2001921
2,21,2002527
2,11,2002729
2,18,2002931
2,16,2003840
2,12,2004042
2,21,2004143
2,22,2004951
2,25,2005254
2,12,2007274
2,26,2007476
2,17,2008385
2,15,2008789
2,11,2009193
2,20,2009294
2,22,2009800
2,17,2010001
2,16,2010304
2,12,2010507
2,26,2010708
2,11,2010809
2,14,2011213
2,16,2011920
2,15,2012021
2,21,2012223
2,18,2012627
2,17,2013233
2,13,2013435
2,15,2013637
2,11,2014041
2,25,2014950
2,13,2015052
2,16,2015153
2,19,2015960
2,14,2016061
2,22,2016263
2,25,2016566
2,13,2016667
2,21,2017071
2,16,2018384
2,15,2018485
2,12,2018586
2,11,2018889
2,23,2019394
2,24,2019596
2,13,2019899
2,15,2020101
2,26,2020404
2,11,2020505
2,18,2020707
2,14,2020909
2,23,2021010
2,22,2021111
2,11,2022121
2,24,2022828
2,17,2022929
2,12,2023434
2,18,2023939
2,15,2024949
2,22,2025959
2,24,2026060
2,16,2026464
2,18,2027171
2,19,2027272
2,23,2027474
2,15,2028181
2,21,2028383
2,26,2028484
2,19,2028888
2,22,2029191
2,26,2030100
2,18,2030403
2,24,2030908
2,17,2031009
2,13,2031211
2,23,2032322
2,25,2032726
2,25,2034342
2,19,2035352
2,14,2035453
2,23,2035554
2,16,2036160
2,12,2036362
2,11,2036665
2,20,2036766
2,19,2036968
2,13,2037675
2,21,2038079
2,24,2038988
2,16,2039392
2,15,2039493
2,11,2039897
2,25,2040806
2,19,2041816
2,17,2042321
2,13,2042523
2,16,2042624
2,21,2042927
2,11,2043129
2,14,2043533
2,24,2043836
2,15,2044341
2,11,2044745
2,12,2046058
2,21,2046159
2,11,2046361
2,14,2046765
2,23,2046866
2,24,2047068
2,13,2047371
2,11,2047977
2,18,2048179
2,24,2048684
2,16,2049088
2,15,2049189
2,12,2049290
2,18,2049795
2,23,2050098
2,22,2050199
2,25,2050502
2,16,2050704
2,17,2052017
2,21,2052623
2,20,2052926
2,24,2053532
2,13,2053835
2,21,2054239
2,23,2054946
2,20,2056158
2,18,2056259
2,26,2057572
2,11,2057673
2,19,2057976
2,14,2058077
2,13,2058683
2,21,2059087
2,11,2059289
2,20,2059390
2,19,2059592
2,22,2059895
2,15,2060501
2,11,2060905
2,23,2061410
2,24,2061612
2,17,2061713
2,13,2061915
2,16,2062016
2,15,2062117
2,23,2063026
2,17,2063329
2,15,2063733
2,23,2064642
2,22,2064743
2,24,2064844
2,25,2065046
2,14,2066157
2,25,2066662
2,16,2066864
2,20,2067470
2,22,2067975
2,16,2068480
2,21,2068783
2,18,2069187
2,22,2069591
2,24,2069692
2,13,2069995
2,11,2070601
2,18,2070803
2,19,2070904
2,17,2071409
2,26,2072116
2,20,2072318
2,22,2072823
2,17,2073025
2,13,2073227
2,20,2073934
2,19,2074136
2,25,2074742
2,21,2075247
2,20,2075550
2,16,2076560
2,13,2078075
2,21,2078479
2,26,2078580
2,22,2080903
2,12,2081610
2,11,2081913
2,20,2082014
2,18,2082115
2,23,2082418
2,22,2082519
2,17,2082721
2,25,2082822
2,12,2083226
2,26,2083428
2,11,2083529
2,14,2083933
2,22,2084135
2,25,2084438
2,16,2084640
2,18,2085347
2,24,2085852
2,12,2086458
2,14,2087165
2,12,2088074
2,11,2088377
2,20,2088478
2,13,2089387
2,21,2089791
2,11,2089993
2,13,2091003
2,15,2091205
2,14,2092013
2,16,2092720
2,11,2093225
2,14,2093629
2,17,2094033
2,25,2094134
2,15,2094437
2,26,2094740
2,11,2094841
2,23,2095346
2,17,2095649
2,15,2096053
2,21,2096255
2,14,2096861
2,17,2097265
2,12,2097770
2,19,2098376
2,14,2098477
2,23,2098578
2,22,2098679
2,19,2099992
2,23,2100194
2,24,2100396
2,25,2100598
2,11,2101305
2,23,2101810
2,13,2102315
2,16,2102416
2,11,2102921
2,25,2103830
2,13,2103931
2,15,2104133
2,21,2104335
2,26,2104436
2,18,2104739
2,14,2104941
2,23,2105042
2,24,2105244
2,26,2106052
2,11,2106153
2,11,2107769
2,14,2108173
2,23,2108274
2,13,2108779
2,16,2108880
2,12,2109082
2,21,2109183
2,25,2110294
2,15,2110597
2,11,2111001
2,20,2111102
2,18,2111203
2,19,2111304
2,25,2111910
2,16,2112112
2,26,2112516
2,23,2113122
2,24,2113324
2,25,2113526
2,13,2113627
2,20,2114334
2,22,2114839
2,17,2115041
2,25,2115142
2,15,2115445
2,26,2115748
2,18,2116051
2,19,2117768
2,14,2117869
2,17,2118273
2,11,2119081
2,20,2119182
2,23,2119586
2,22,2119687
2,16,2120192
2,12,2120394
2,14,2121101
2,17,2121505
2,15,2121909
2,12,2122010
2,19,2122616
2,21,2123727
2,17,2124737
2,20,2125646
2,24,2126252
2,12,2126858
2,21,2126959
2,19,2127464
2,17,2127969
2,16,2128272
2,26,2128676
2,11,2128777
2,20,2128878
2,18,2128979
2,19,2129080
2,24,2129484
2,17,2129585
2,15,2129989
2,18,2130595
2,19,2130696
2,23,2130898
2,25,2131302
2,12,2131706
2,21,2131807
2,26,2131908
2,22,2132615
2,17,2132817
2,26,2133524
2,20,2133726
2,18,2133827
2,14,2134029
2,16,2134736
2,21,2135039
2,19,2135544
2,22,2135847
2,16,2136352
2,11,2136857
2,23,2137362
2,22,2137463
2,17,2137665
2,23,2138978
2,22,2139079
2,24,2139180
2,17,2139281
2,25,2139382
2,13,2139483
2,16,2139584
2,11,2140089
2,19,2140392
2,16,2141200
2,20,2141806
2,13,2142715
2,21,2143119
2,26,2143220
2,22,2143927
2,17,2144129
2,25,2144230
2,26,2144836
2,24,2145644
2,25,2145846
2,21,2146351
2,18,2146755
2,23,2147058
2,13,2147563
2,21,2147967
2,11,2148169
2,19,2148472
2,14,2148573
2,24,2148876
2,21,2149583
2,26,2149684
2,18,2149987
2,14,2150189
2,13,2150795
2,12,2151098
2,20,2151502
2,19,2151704
2,14,2151805
2,17,2152209
2,25,2152310
2,13,2152411
2,15,2152613
2,12,2154330
2,26,2154532
2,20,2154734
2,17,2155441
2,25,2155542
2,11,2156249
2,20,2156350
2,14,2156653
2,16,2157360
2,18,2158067
2,19,2158168
2,23,2158370
2,17,2160289
2,25,2160390
2,12,2160794
2,21,2160895
2,19,2161400
2,23,2161602
2,13,2162107
2,12,2162410
2,21,2162511
2,26,2162612
2,20,2162814
2,19,2163016
2,22,2163319
2,14,2164733
2,25,2165238
2,26,2165844
2,18,2166147
2,24,2166652
2,17,2166753
2,13,2166955
2,21,2167359
2,20,2167662
2,18,2167763
2,13,2168571
2,17,2169985
2,25,2170086
2,13,2170187
2,14,2171197
2,22,2173015
2,17,2173217
2,18,2174227
2,23,2174530
2,17,2174833
2,21,2175439
2,20,2175742
2,18,2175843
2,13,2176651
2,18,2177459
2,23,2177762
2,25,2178166
2,15,2178469
2,26,2178772
2,11,2178873
2,18,2179075
2,19,2179176
2,14,2179277
2,22,2179479
2,24,2179580
2,15,2180085
2,24,2181196
2,11,2182105
2,14,2182509
2,23,2182610
2,15,2183317
2,21,2183519
2,18,2183923
2,25,2184630
2,13,2184731
2,20,2185438
2,18,2185539
2,14,2185741
2,23,2185842
2,24,2186044
2,25,2186246
2,13,2186347
2,16,2186448
2,22,2187559
2,24,2187660
2,17,2187761
2,12,2188266
2,21,2188367
2,19,2188872
2,13,2189579
2,20,2190286
2,22,2190791
2,24,2190892
2,15,2191397
2,11,2191801
2,18,2192003
2,22,2192407
2,17,2192609
2,13,2192811
2,12,2193114
2,21,2193215
2,25,2194326
2,21,2194831
2,23,2195538
2,16,2196144
2,19,2196952
2,14,2197053
2,15,2197861
2,20,2198366
2,22,2198871
2,15,2199477
2,26,2199780
2,18,2200083
2,13,2200891
2,21,2201295
2,23,2202002
2,17,2202305
2,13,2202507
2,16,2202608
2,12,2202810
2,21,2202911
2,18,2203315
2,19,2203416
2,17,2203921
2,11,2204729
2,18,2204931
2,25,2205638
2,16,2205840
2,19,2206648
2,13,2207355
2,16,2207456
2,26,2207860
2,20,2208062
2,13,2208971
2,26,2209476
2,18,2209779
2,19,2209880
2,17,2210385
2,15,2210789
2,23,2211698
2,16,2212304
2,14,2213213
2,23,2213315
2,22,2213415
2,25,2213718
2,20,2214526
2,18,2214627
2,23,2214930
2,24,2215132
2,17,2215233
2,25,2215335
2,13,2215435
2,20,2216142
2,22,2216647
2,24,2216748
2,13,2217051
2,16,2217152
2,13,2218667
2,16,2218768
2,12,2218970
2,11,2219273
2,17,2220082
2,16,2220384
2,15,2220485
2,11,2220889
2,20,2220990
2,23,2221394
2,21,2222303
2,16,2223616
2,23,2224626
2,17,2224929
2,21,2225535
2,11,2225737
2,13,2226747
2,16,2226848
2,23,2227858
2,22,2227959
2,17,2228161
2,25,2228262
2,13,2228363
2,16,2228464
2,12,2228666
2,21,2228767
2,26,2228868
2,18,2229171
2,16,2230080
2,22,2231191
2,12,2231898
2,26,2232100
2,18,2232403
2,16,2233312
2,21,2233615
2,18,2234019
2,17,2234625
2,13,2234827
2,14,2235837
2,23,2235938
2,20,2237150
2,18,2237251
2,19,2237352
2,14,2237453
2,23,2237554
2,24,2237756
2,17,2237857
2,13,2238059
2,16,2238160
2,13,2239675
2,20,2240382
2,22,2240887
2,13,2241291
2,15,2241493
2,21,2241695
2,19,2242200
2,14,2242301
2,12,2243210
2,26,2243412
2,20,2243614
2,14,2243917
2,13,2244523
2,12,2244826
2,20,2245230
2,18,2245331
2,11,2246745
2,19,2247048
2,12,2248058
2,11,2248361
2,18,2248563
2,22,2248967
2,17,2249169
2,11,2249977
2,20,2250078
2,19,2250280
2,14,2250381
2,22,2250583
2,17,2250785
2,11,2251593
2,14,2251997
2,17,2252401
2,13,2252603
2,21,2253007
2,23,2253714
2,14,2255229
2,13,2255835
2,21,2256239
2,14,2256845
2,23,2256946
2,17,2257249
2,15,2257653
2,12,2257754
2,22,2258663
2,25,2258966
2,21,2259471
2,26,2259572
2,11,2259673
2,25,2260582
2,21,2261087
2,20,2261390
2,25,2262198
2,16,2262400
2,12,2262602
2,26,2262804
2,18,2263107
2,23,2263410
2,24,2263612
2,16,2264016
2,16,2265632
2,26,2266036
2,11,2266137
2,18,2266339
2,23,2266642
2,25,2267046
2,18,2267955
2,16,2268864
2,20,2269470
2,19,2269672
2,24,2270076
2,12,2270682
2,19,2271288
2,22,2271591
2,11,2272601
2,20,2272702
2,18,2272803
2,23,2273106
2,17,2273409
2,21,2274015
2,20,2274318
2,18,2274419
2,23,2274722
2,18,2276035
2,19,2276136
2,14,2276237
2,22,2276439
2,13,2276843
2,15,2277045
2,26,2277348
2,22,2278055
2,17,2278257
2,12,2278762
2,11,2279065
2,20,2279166
2,14,2279469
2,22,2279671
2,25,2279974
2,16,2280176
2,18,2280883
2,19,2280984
2,14,2281085
2,24,2281388
2,17,2281489
2,11,2282297
2,19,2282600
2,23,2282802
2,13,2283307
2,16,2283408
2,21,2283711
2,26,2283812
2,23,2284418
2,22,2284519
2,12,2285226
2,21,2285327
2,11,2285529
2,20,2285630
2,19,2285832
2,23,2286034
2,17,2286337
2,25,2286438
2,13,2286539
2,21,2286943
2,19,2287448
2,24,2287852
2,21,2288559
2,26,2288660
2,19,2289064
2,16,2289872
2,15,2289973
2,18,2290579
2,21,2291791
2,26,2291892
2,23,2292498
2,22,2292599
2,12,2293306
2,25,2294518
2,16,2294720
2,17,2296033
2,25,2296134
2,17,2297649
2,26,2298356
2,11,2298457
2,20,2298558
2,17,2299265
2,13,2299467
2,15,2299669
2,23,2300578
2,19,2301992
2,22,2302295
2,13,2302699
2,16,2302800
2,21,2303103
2,26,2303204
2,20,2303406
2,22,2303911
2,12,2304618
2,26,2304820
2,18,2305123
2,23,2305426
2,24,2305628
2,21,2306335
2,26,2306436
2,20,2306638
2,23,2307042
2,16,2307648
2,15,2307749
2,14,2308557
2,22,2308759
2,17,2308961
2,21,2309567
2,11,2309769
2,14,2310173
2,22,2310375
2,17,2310577
2,21,2311183
2,19,2311688
2,14,2311789
2,24,2312092
2,13,2312395
2,15,2312597
2,21,2312799
2,20,2313102
2,19,2313304
2,17,2313809
2,20,2314718
2,19,2314920
2,11,2316233
2,19,2316536
2,26,2317748
2,19,2318152
2,22,2318455
2,13,2318859
2,26,2319364
2,20,2319566
2,20,2321182
2,18,2321283
2,19,2321384
2,17,2321889
2,25,2321990
2,16,2322192
2,13,2323707
2,16,2323808
2,26,2324212
2,18,2324515
2,19,2324616
2,22,2324919
2,13,2325323
2,14,2326333
2,17,2326737
2,11,2327545
2,20,2327646
2,12,2328858
2,26,2329060
2,11,2329161
2,25,2330070
2,16,2330272
2,21,2330575
2,23,2331282
2,24,2331484
2,21,2332191
2,26,2332292
2,12,2333706
2,21,2333807
2,15,2335221
2,12,2335322
2,20,2335726
2,18,2335827
2,25,2336534
2,11,2337241
2,18,2337443
2,14,2337645
2,17,2338049
2,13,2338251
2,24,2339564
2,15,2340069
2,24,2341180
2,13,2341483
2,16,2341584
2,11,2342089
2,20,2342190
2,24,2342796
2,25,2342998
2,21,2343503
2,19,2344008
2,14,2344109
2,17,2344513
2,25,2344614
2,13,2344715
2,15,2344917
2,12,2345018
2,20,2345422
2,23,2345826
2,17,2346129
2,12,2346634
2,20,2347038
2,19,2347240
2,17,2347745
2,25,2347846
2,16,2348048
2,12,2348250
2,26,2348452
2,13,2349563
2,12,2349866
2,21,2349967
2,26,2350068
2,11,2350169
2,20,2350270
2,22,2350775
2,21,2351583
2,20,2351886
2,19,2352088
2,23,2352290
2,16,2352896
2,12,2353098
2,21,2353199
2,14,2353805
2,24,2354108
2,12,2354714
2,26,2354916
2,11,2356633
2,20,2356734
2,18,2356835
2,17,2357441
2,14,2358653
2,15,2359461
2,12,2359562
2,11,2359865
2,18,2360067
2,18,2361683
2,19,2361784
2,17,2362289
2,15,2362693
2,24,2363804
2,12,2364410
2,11,2364713
2,20,2364814
2,18,2364915
2,23,2365218
2,25,2365622
2,13,2365723
2,26,2366228
2,19,2366632
2,14,2366733
2,17,2367137
2,21,2367743
2,11,2367945
2,14,2368349
2,23,2368450
2,13,2368955
2,15,2369157
2,12,2369258
2,14,2369965
2,22,2370167
2,24,2370268
2,25,2370470
2,16,2370672
2,12,2370874
2,26,2371076
2,20,2371278
2,25,2372086
2,13,2372187
2,26,2372692
2,18,2372995
2,14,2373197
2,13,2373803
2,16,2373904
2,20,2374510
2,18,2374611
2,16,2375520
2,24,2376732
2,13,2377035
2,16,2377136
2,26,2377540
2,14,2378045
2,24,2378348
2,24,2379964
2,13,2380267
2,12,2380570
2,21,2380671
2,13,2381883
2,15,2382085
2,18,2382691
2,25,2383398
2,12,2385418
2,26,2385620
2,15,2386933
2,26,2387236
2,15,2388549
2,11,2388953
2,25,2389862
2,21,2390367
2,20,2390670
2,18,2390771
2,19,2390872
2,23,2391074
2,22,2391175
2,24,2391276
2,13,2391579
2,15,2391781
2,19,2392488
2,14,2392589
2,17,2392993
2,21,2393599
2,11,2393801
2,20,2393902
2,14,2394205
2,23,2394306
2,17,2394609
2,16,2394912
2,15,2395013
2,11,2395417
2,22,2396023
2,13,2396427
2,11,2397033
2,20,2397134
2,18,2397235
2,14,2397437
2,23,2397538
2,24,2397740
2,17,2397841
2,13,2398043
2,15,2398245
2,14,2399053
2,23,2399154
2,22,2399255
2,25,2399558
2,16,2399760
2,11,2400265
2,18,2400467
2,17,2401073
2,25,2402790
2,11,2403497
2,18,2403699
2,22,2404103
2,13,2404507
2,12,2404810
2,21,2404911
2,26,2405012
2,17,2405921
2,16,2406224
2,26,2406628
2,19,2407032
2,24,2407436
2,16,2407840
2,12,2408042
2,16,2409456
2,21,2409759
2,11,2409961
2,23,2410466
2,24,2410668
2,13,2410971
2,11,2411577
2,19,2411880
2,24,2412284
2,25,2412486
2,17,2414001
2,25,2414102
2,16,2414304
2,12,2414506
2,20,2414910
2,18,2415011
2,14,2415213
2,24,2415516
2,13,2415819
2,16,2415920
2,15,2416021
2,18,2416627
2,22,2417031
2,13,2417435
2,12,2417738
2,11,2418041
2,19,2418344
2,14,2418445
2,22,2418647
2,17,2418849
2,26,2419556
2,11,2419657
2,20,2419758
2,25,2420566
2,16,2420768
2,21,2421071
2,18,2421475
2,23,2421778
2,24,2421980
2,16,2422384
2,21,2422687
2,25,2423798
2,15,2424101
2,21,2424303
2,20,2424606
2,21,2425919
2,20,2426222
2,22,2426727
2,25,2427030
2,15,2427333
2,12,2427434
2,22,2428343
2,20,2429454
2,22,2429959
2,16,2430464
2,21,2430767
2,18,2431171
2,16,2432080
2,11,2432585
2,23,2433090
2,22,2433191
2,26,2434100
2,11,2434201
2,20,2434302
2,22,2434807
2,25,2435110
2,15,2435413
2,11,2435817
2,18,2436019
2,24,2436524
2,17,2436625
2,14,2437837
2,16,2438544
2,18,2439251
2,22,2439655
2,13,2440059
2,15,2440261
2,12,2440362
2,26,2440564
2,17,2441473
2,20,2442382
2,23,2442786
2,25,2443190
2,14,2444301
2,22,2444503
2,13,2444907
2,26,2445412
2,11,2445513
2,24,2446220
2,17,2446321
2,25,2446422
2,15,2446725
2,23,2447634
2,22,2447735
2,17,2447937
2,16,2448240
2,11,2448745
2,14,2449149
2,23,2449250
2,17,2449553
2,15,2449957
2,20,2450462
2,19,2450664
2,14,2450765
2,22,2450967
2,15,2451573
2,22,2452583
2,13,2452987
2,16,2453088
2,15,2453189
2,26,2453492
2,11,2453593
2,14,2453997
2,24,2454300
2,26,2455108
2,13,2456219
2,12,2456522
2,19,2457128
2,13,2457835
2,16,2457936
2,18,2458643
2,15,2459653
2,21,2459855
2,11,2460057
2,20,2460158
2,23,2460562
2,24,2460764
2,17,2460865
2,25,2460966
2,16,2461168
2,26,2461572
2,18,2461875
2,19,2461976
2,22,2462279
2,17,2462481
2,12,2462986
2,14,2463693
2,25,2464198
2,12,2464603
2,21,2464703
2,26,2464804
2,19,2465208
2,23,2465410
2,17,2465713
2,16,2466016
2,15,2466117
2,11,2466521
2,18,2466723
2,25,2467431
2,26,2468036
2,20,2468238
2,19,2468440
2,22,2468743
2,24,2468844
2,12,2469450
2,26,2469652
2,11,2469753
2,20,2469854
2,18,2469955
2,23,2470258
2,22,2470359
2,24,2470461
2,17,2470561
2,16,2470864
2,15,2470965
2,18,2471571
2,19,2471672
2,14,2471773
2,17,2472177
2,13,2472379
2,15,2472581
2,26,2472884
2,11,2472985
2,25,2473894
2,13,2473995
2,12,2474298
2,11,2474602
2,20,2474702
2,14,2475005
2,18,2476420
2,13,2477227
2,16,2477328
2,15,2477429
2,22,2481671
2,13,2482075
2,22,2483287
2,25,2483590
2,26,2503588
2,20,2503790
2,22,2504295
2,15,2504901
2,18,2505507
2,14,2505709
2,24,2506012
2,25,2506214
2,11,2506921
2,20,2507022
2,19,2507224
2,17,2507729
2,13,2507931
2,21,2508335
2,11,2508537
2,19,2508840
2,16,2509649
2,21,2509951
2,14,2510557
2,24,2510860
2,13,2511163
2,16,2511264
2,21,2511567
2,20,2511870
2,14,2512173
2,22,2512375
2,16,2512880
2,15,2512981
2,21,2513183
2,18,2513587
2,14,2513789
2,24,2514092
2,21,2514799
2,19,2515304
2,13,2516011
2,16,2516112
2,15,2516213
2,26,2516516
2,22,2517223
2,24,2517324
2,25,2517526
2,20,2518334
2,22,2518839
2,13,2519243
2,12,2519546
2,26,2519748
2,18,2520051
2,25,2520758
2,11,2521465
2,24,2522172
2,16,2522576
2,19,2523384
2,17,2523889
2,13,2524091
2,11,2524697
2,21,2526111
2,19,2526616
2,17,2527121
2,18,2528131
2,14,2528333
2,23,2528434
2,25,2528838
2,13,2528939
2,12,2529242
2,21,2529343
2,24,2530252
2,15,2532373
2,14,2533181
2,23,2533282
2,22,2533383
2,13,2533787
2,12,2534090
2,26,2534292
2,23,2534898
2,17,2535201
2,21,2535807
2,19,2536312
2,24,2536716
2,17,2536817
2,16,2537120
2,19,2537928
2,25,2538534
2,26,2539140
2,20,2539342
2,18,2539443
2,24,2539948
2,16,2540352
2,26,2540756
2,14,2541261
2,22,2541463
2,15,2542069
2,12,2542170
2,21,2542271
2,15,2543685
2,26,2543988
2,14,2544493
2,17,2544897
2,13,2545099
2,17,2546513
2,13,2546715
2,16,2546816
2,12,2547018
2,20,2547422
2,14,2547725
2,15,2548533
2,23,2549442
2,25,2549846
2,21,2550351
2,14,2550957
2,24,2551260
2,13,2551563
2,26,2552068
2,11,2552169
2,20,2552270
2,14,2552573
2,17,2552977
2,25,2553078
2,15,2553381
2,26,2553684
2,25,2554694
2,15,2554997
2,20,2555502
2,19,2555704
2,24,2556108
2,13,2556411
2,24,2557724
2,17,2557825
2,25,2557926
2,13,2558027
2,20,2558734
2,17,2559441
2,25,2559542
2,26,2561764
2,18,2562067
2,22,2562471
2,17,2562673
2,13,2562875
2,15,2563077
2,12,2563178
2,11,2563481
2,24,2564188
2,25,2564390
2,16,2564592
2,20,2565198
2,14,2565501
2,22,2565703
2,24,2565804
2,18,2566915
2,22,2567319
2,24,2567420
2,16,2567824
2,12,2568026
2,11,2568329
2,17,2569137
2,13,2569339
2,15,2569541
2,21,2569743
2,14,2570349
2,19,2571864
2,14,2571965
2,24,2572268
2,26,2573076
2,19,2573480
2,19,2575096
2,25,2575702
2,13,2575803
2,15,2576005
2,18,2576611
2,17,2577217
2,25,2577318
2,13,2577419
2,15,2577621
2,21,2577823
2,14,2578429
2,24,2578732
2,26,2579540
2,18,2579843
2,25,2580550
2,13,2580651
2,16,2580752
2,23,2581762
2,22,2581863
2,13,2582267
2,15,2582469
2,12,2582570
2,14,2583277
2,22,2583479
2,25,2583782
2,11,2584489
2,23,2584994
2,24,2585196
2,17,2585297
2,13,2585499
2,12,2585802
2,26,2586004
2,19,2586408
2,18,2587923
2,23,2589842
2,15,2590549
2,20,2591054
2,18,2591155
2,23,2591458
2,15,2592165
2,11,2592569
2,20,2592670
2,22,2593175
2,24,2593276
2,16,2593680
2,12,2593882
2,26,2594084
2,18,2594387
2,23,2594690
2,17,2594993
2,15,2595397
2,12,2595498
2,21,2595599
2,26,2595700
2,23,2596306
2,24,2596508
2,13,2596811
2,26,2597316
2,24,2598124
2,20,2599134
2,24,2599740
2,12,2600346
2,15,2601861
2,18,2602467
2,19,2602568
2,15,2603477
2,11,2603881
2,20,2603982
2,14,2604285
2,22,2604487
2,17,2604689
2,13,2604891
2,21,2605295
2,18,2605699
2,16,2606608
2,23,2607618
2,24,2607820
2,17,2607921
2,13,2608123
2,12,2608426
2,14,2609133
2,23,2609234
2,17,2609537
2,20,2610446
2,18,2610547
2,16,2611456
2,15,2611557
2,18,2612163
2,14,2612365
2,11,2613577
2,25,2614486
2,13,2614587
2,16,2614688
2,11,2615193
2,20,2615294
2,22,2615799
2,16,2616304
2,14,2617213
2,15,2618021
2,19,2618728
2,15,2619637
2,20,2620142
2,14,2620445
2,24,2620748
2,17,2620849
2,25,2620950
2,13,2621051
2,22,2622263
2,24,2622364
2,25,2622566
2,15,2622869
2,26,2623172
2,23,2623778
2,25,2624182
2,26,2624788
2,24,2625596
2,25,2625798
2,15,2626101
2,26,2626404
2,15,2627717
2,11,2628121
2,20,2628222
2,18,2628323
2,19,2628424
2,22,2628727
2,24,2628828
2,25,2629030
2,13,2629131
2,16,2629232
2,12,2629434
2,19,2630040
2,16,2630848
2,12,2631050
2,21,2631151
2,26,2631252
2,11,2631353
2,18,2631555
2,19,2631656
2,14,2631757
2,12,2632666
2,20,2633070
2,23,2633474
2,24,2633676
2,25,2633878
2,15,2634181
2,12,2634282
2,26,2634484
2,18,2634787
2,19,2634888
2,17,2635393
2,26,2636100
2,11,2636201
2,19,2636504
2,23,2636706
2,24,2636908
2,15,2637413
2,11,2637817
2,20,2637918
2,18,2638019
2,24,2638524
2,17,2638625
2,16,2638928
2,12,2639130
2,20,2639534
2,19,2639736
2,23,2639938
2,17,2640241
2,21,2640847
2,20,2641150
2,18,2641251
2,19,2641352
2,23,2641554
2,13,2642059
2,22,2643271
2,13,2643675
2,16,2643776
2,14,2644685
2,24,2644988
2,17,2645089
2,16,2645392
2,11,2645897
2,14,2646301
2,25,2646806
2,18,2647715
2,23,2648018
2,11,2649129
2,19,2649432
2,17,2649937
2,13,2650139
2,15,2650341
2,12,2650442
2,26,2650644
2,11,2650745
2,15,2651957
2,11,2652361
2,18,2652563
2,17,2653169
2,26,2653876
2,11,2653977
2,24,2654684
2,25,2654886
2,13,2654987
2,16,2655088
2,11,2655593
2,18,2655795
2,19,2655896
2,22,2656199
2,17,2656401
2,25,2656502
2,14,2657613
2,22,2657815
2,21,2658623
2,18,2659027
2,19,2659128
2,17,2659633
2,13,2659835
2,15,2661653
2,26,2661956
2,18,2662259
2,22,2662663
2,13,2663067
2,15,2663269
2,12,2663370
2,22,2664279
2,17,2664481
2,15,2664885
2,26,2665188
2,19,2665592
2,14,2665693
2,17,2667713
2,21,2668319
2,26,2668420
2,11,2668521
2,14,2668925
2,22,2669127
2,24,2669228
2,25,2669430
2,15,2669733
2,12,2669834
2,24,2670844
2,16,2671248
2,26,2671652
2,20,2671854
2,14,2672157
2,19,2673672
2,22,2673975
2,12,2674682
2,26,2674884
2,11,2674985
2,20,2675086
2,18,2675187
2,14,2675389
2,23,2675490
2,25,2675894
2,21,2676399
2,20,2676702
2,14,2677005
2,23,2677106
2,26,2678116
2,18,2678419
2,23,2678722
2,24,2678924
2,11,2679833
2,18,2680035
2,19,2680136
2,14,2680237
2,22,2680439
2,13,2680843
2,15,2681045
2,14,2681853
2,16,2682560
2,26,2682964
2,20,2683166
2,24,2683772
2,17,2683873
2,21,2684479
2,19,2684984
2,25,2685590
2,13,2685691
2,21,2686095
2,18,2686499
2,19,2686600
2,14,2686701
2,23,2686802
2,22,2686903
2,24,2687004
2,13,2687307
2,16,2687408
2,12,2687610
2,20,2688014
2,19,2688216
2,22,2688519
2,24,2688620
2,12,2689226
2,21,2689327
2,23,2690034
2,22,2690135
2,25,2690438
2,15,2690741
2,19,2691448
2,16,2692256
2,18,2692963
2,19,2693064
2,23,2693266
2,22,2693367
2,25,2693670
2,21,2694175
2,19,2694680
2,13,2695387
2,18,2696195
2,24,2696700
2,14,2698013
2,23,2698114
2,25,2698518
2,15,2698821
2,21,2699023
2,20,2699326
2,24,2699932
2,17,2700033
2,25,2700134
2,13,2700235
2,12,2700538
2,21,2700639
2,24,2701548
2,26,2702356
2,11,2702457
2,20,2702558
2,21,2703871
2,26,2703972
2,25,2704982
2,13,2705083
2,22,2706295
2,25,2706598
2,15,2706901
2,26,2707204
2,14,2707709
2,25,2708214
2,13,2708315
2,17,2709729
2,13,2709931
2,15,2710133
2,12,2710234
2,26,2710436
2,18,2710739
2,19,2710840
2,24,2711244
2,14,2712557
2,25,2713062
2,16,2713264
2,12,2713466
2,21,2713567
2,26,2713668
2,19,2714072
2,24,2714476
2,15,2714981
2,21,2715183
2,26,2715284
2,20,2715486
2,14,2715789
2,22,2715991
2,20,2717102
2,18,2717203
2,23,2717506
2,24,2717708
2,25,2717910
2,15,2718213
2,18,2718819
2,14,2719021
2,17,2719425
2,16,2719728
2,21,2720031
2,26,2720132
2,11,2720233
2,20,2720334
2,23,2720738
2,22,2720839
2,13,2721243
2,16,2721344
2,12,2721546
2,22,2722455
2,13,2722859
2,26,2723364
2,13,2724475
2,12,2724778
2,24,2725788
2,15,2726293
2,18,2726899
2,24,2727404
2,26,2728212
2,18,2728515
2,14,2728717
2,25,2729222
2,13,2729323
2,26,2729828
2,11,2729929
2,20,2730030
2,14,2730333
2,23,2730434
2,22,2730535
2,15,2731141
2,11,2731545
2,18,2731747
2,14,2731949
2,23,2732050
2,22,2732151
2,15,2732757
2,26,2733060
2,11,2733161
2,14,2733565
2,17,2733969
2,12,2734474
2,20,2734878
2,24,2735484
2,17,2735585
2,15,2735989
2,11,2736393
2,18,2736595
2,19,2736696
2,14,2736797
2,24,2737100
2,17,2737201
2,12,2737706
2,26,2737908
2,18,2738211
2,19,2738312
2,14,2738413
2,24,2738716
2,26,2739524
2,20,2739726
2,14,2740029
2,23,2740130
2,25,2740534
2,16,2740736
2,21,2741039
2,26,2741140
2,18,2741443
2,24,2741948
2,17,2742049
2,25,2742150
2,15,2742453
2,21,2742655
2,20,2742958
2,18,2743059
2,22,2743463
2,17,2743665
2,23,2744978
2,24,2745180
2,18,2746291
2,14,2746493
2,22,2746695
2,13,2747099
2,19,2748008
2,20,2749422
2,19,2749624
2,14,2749725
2,25,2750230
2,12,2750634
2,21,2750735
2,17,2751745
2,15,2752149
2,26,2752452
2,18,2752755
2,19,2752856
2,22,2753159
2,25,2753462
2,16,2753664
2,14,2754573
2,19,2756088
2,23,2756290
2,16,2756896
2,15,2756997
2,12,2757098
2,11,2757401
2,19,2757704
2,14,2757805
2,24,2758108
2,25,2758310
2,16,2758512
2,15,2758613
2,12,2758714
2,11,2759017
2,14,2759421
2,17,2759825
2,21,2760431
2,11,2760633
2,19,2760936
2,17,2761441
2,26,2762148
2,11,2762249
2,19,2762552
2,25,2763158
2,13,2763259
2,26,2763764
2,19,2764168
2,25,2764774
2,13,2764875
2,16,2764976
2,18,2767299
2,14,2767501
2,12,2768410
2,21,2768511
2,11,2768713
2,18,2768915
2,11,2770329
2,19,2770632
2,22,2770935
2,25,2771238
2,12,2771642
2,21,2771743
2,19,2772248
2,24,2772652
2,25,2772854
2,13,2772955
2,16,2773056
2,18,2773763
2,22,2774167
2,17,2774369
2,25,2774470
2,16,2774672
2,15,2774773
2,21,2774975
2,26,2775076
2,14,2775581
2,15,2776389
2,18,2776995
2,24,2777500
2,16,2777904
2,26,2778308
2,14,2778813
2,23,2778914
2,12,2779722
2,21,2779823
2,11,2780025
2,20,2780126
2,18,2780227
2,23,2780530
2,22,2780631
2,17,2780833
2,25,2780934
2,12,2781338
2,20,2781742
2,19,2781944
2,25,2782550
2,13,2782651
2,15,2782853
2,12,2782954
2,21,2783055
2,26,2783156
2,18,2783459
2,19,2783560
2,15,2784469
2,20,2784974
2,21,2786287
2,20,2786590
2,19,2786792
2,17,2787297
2,25,2787398
2,15,2787701
2,26,2788004
2,17,2788913
2,25,2789014
2,16,2789216
2,21,2789519
2,11,2789721
2,20,2789822
2,22,2790327
2,24,2790428
2,17,2790529
2,25,2790630
2,13,2790731
2,15,2790933
2,20,2791438
2,18,2791539
2,23,2791842
2,24,2792044
2,17,2792145
2,21,2792751
2,11,2792953
2,20,2793054
2,14,2793357
2,21,2794367
2,26,2794468
2,11,2794569
2,26,2796084
2,20,2796286
2,23,2796690
2,11,2797801
2,20,2797902
2,16,2798912
2,15,2799013
2,21,2799215
2,15,2800629
2,12,2800730
2,11,2801033
2,18,2801235
2,25,2801942
2,12,2802346
2,21,2802447
2,18,2802851
2,23,2803154
2,22,2803255
2,24,2803356
2,26,2804164
2,14,2804669
2,22,2804871
2,24,2804972
2,17,2805073
2,11,2805881
2,17,2806689
2,26,2807396
2,23,2808002
2,17,2808305
2,16,2808608
2,15,2808709
2,12,2808810
2,21,2808911
2,22,2809719
2,15,2810325
2,26,2810628
2,11,2810729
2,24,2811436
2,25,2811638
2,15,2811941
2,21,2812143
2,18,2812547
2,23,2812850
2,22,2812951
2,12,2813658
2,22,2814567
2,18,2815779
2,25,2816486
2,16,2816688
2,20,2817294
2,22,2817799
2,18,2819011
2,17,2819617
2,21,2820223
2,20,2820526
2,18,2820627
2,22,2821031
2,24,2821132
2,25,2821334
2,21,2821839
2,26,2821940
2,18,2823859
2,22,2824263
2,25,2824566
2,21,2825071
2,19,2825576
2,14,2825677
2,23,2825778
2,24,2825980
2,12,2826586
2,15,2828101
2,20,2828606
2,24,2829212
2,11,2830121
2,18,2830323
2,23,2830626
2,12,2831434
2,21,2831535
2,20,2831838
2,18,2831939
2,21,2833151
2,20,2833454
2,14,2833757
2,11,2834969
2,20,2835070
2,17,2835777
2,13,2835979
2,26,2836484
2,13,2837595
2,16,2837696
2,21,2837999
2,14,2838605
2,22,2838807
2,15,2839413
2,24,2840524
2,13,2840827
2,16,2840928
2,12,2841130
2,19,2841736
2,12,2842746
2,23,2843554
2,22,2843655
2,17,2843857
2,21,2844463
2,11,2844665
2,23,2845170
2,13,2845675
2,15,2845877
2,11,2846281
2,18,2846483
2,23,2846786
2,17,2847089
2,25,2847190
2,16,2847392
2,26,2847796
2,22,2848503
2,24,2848604
2,25,2848806
2,13,2848907
2,13,2850523
2,16,2850624
2,14,2851533
2,24,2851836
2,26,2852644
2,11,2852745
2,18,2852947
2,15,2853957
2,11,2854361
2,20,2854462
2,23,2854866
2,24,2855068
2,15,2855573
2,26,2855876
2,17,2856785
2,15,2857189
2,24,2858300
2,13,2858603
2,16,2858704
2,15,2860421
2,23,2861330
2,22,2861431
2,17,2861633
2,25,2861734
2,13,2861835
2,26,2862340
2,17,2863249
2,19,2864360
2,25,2864966
2,13,2865067
2,21,2865471
2,22,2866279
2,15,2866885
2,19,2867592
2,22,2867895
2,22,2869511
2,24,2869612
2,13,2869915
2,19,2870824
2,22,2871127
2,17,2871329
2,15,2871733
2,26,2872036
2,26,2873652
2,26,2875268
2,20,2875470
2,19,2875672
2,25,2876278
2,12,2876682
2,26,2876884
2,22,2877591
2,25,2877894
2,26,2878500
2,14,2879005
2,23,2879106
2,17,2879409
2,13,2879611
2,12,2879914
2,21,2880015
2,11,2880217
2,14,2880621
2,14,2882237
2,24,2882540
2,17,2882641
2,25,2882742
2,20,2883550
2,14,2883853
2,23,2883954
2,24,2884156
2,17,2884257
2,13,2884459
2,12,2884762
2,16,2886176
2,20,2886782
2,18,2886883
2,22,2887287
2,24,2887388
2,12,2887994
2,21,2888095
2,14,2888701
2,25,2889206
2,13,2889307
2,15,2889509
2,12,2889610
2,19,2890216
2,23,2890418
2,20,2891630
2,18,2891731
2,15,2892741
2,21,2892943
2,11,2893145
2,20,2893246
2,26,2894660
2,20,2894862
2,18,2894963
2,23,2895266
2,12,2896074
2,24,2897084
2,25,2897286
2,15,2897589
2,12,2897690
2,14,2898397
2,25,2898902
2,13,2899003
2,18,2899811
2,19,2899912
2,25,2900518
2,13,2900619
2,26,2901124
2,23,2901730
2,25,2902134
2,12,2902538
2,19,2903144
2,13,2903851
2,25,2905366
2,12,2905770
2,14,2906477
2,23,2906578
2,22,2906679
2,13,2907083
2,26,2907588
2,20,2907790
2,23,2908194
2,12,2909002
2,21,2909103
2,18,2909507
2,23,2909810
2,22,2909911
2,13,2910315
2,21,2910719
2,20,2911022
2,24,2911628
2,13,2911931
2,12,2912234
2,22,2913143
2,24,2913244
2,17,2913345
2,13,2913547
2,23,2914658
2,12,2915466
2,26,2915668
2,20,2915870
2,14,2916173
2,23,2916274
2,11,2917385
2,20,2917486
2,14,2919405
2,17,2919809
2,21,2920415
2,20,2920718
2,18,2920819
2,14,2921021
2,24,2921324
2,21,2922031
2,26,2922132
2,19,2922536
2,11,2923849
2,22,2924455
2,24,2924556
2,25,2924758
2,16,2924960
2,15,2925061
2,21,2925263
2,26,2925364
2,18,2925667
2,15,2926677
2,21,2926879
2,11,2927081
2,20,2927182
2,14,2927485
2,16,2928192
2,18,2928899
2,14,2929101
2,17,2929505
2,13,2929707
2,20,2930414
2,23,2930818
2,21,2931727
2,15,2933141
2,26,2933444
2,18,2933747
2,14,2933949
2,21,2934959
2,19,2935464
2,24,2935868
2,15,2936373
2,21,2936575
2,26,2936676
2,11,2936777
2,18,2936979
2,14,2937181
2,23,2937282
2,25,2937686
2,11,2938393
2,13,2939403
2,15,2939605
2,21,2939807
2,19,2940312
2,14,2940413
2,25,2940918
2,16,2941120
2,15,2941221
2,12,2941322
2,23,2942130
2,22,2942231
2,25,2942534
2,15,2942837
2,12,2942938
2,21,2943039
2,26,2943140
2,19,2943544
2,13,2944251
2,21,2944655
2,20,2944958
2,24,2945564
2,12,2946170
2,11,2946473
2,19,2946776
2,25,2947382
2,18,2948291
2,23,2948594
2,22,2948695
2,16,2949200
2,23,2950210
2,22,2950311
2,17,2950513
2,12,2951018
2,26,2951220
2,20,2951422
2,18,2951523
2,11,2952937
2,20,2953038
2,14,2953341
2,17,2953745
2,26,2954452
2,18,2954755
2,17,2955361
2,25,2955462
2,16,2955664
2,19,2956472
2,23,2956674
2,12,2957482
2,21,2957583
2,11,2957785
2,23,2958290
2,15,2958997
2,16,2960512
2,12,2960714
2,21,2960815
2,11,2961017
2,19,2961320
2,22,2961623
2,25,2961926
2,11,2962633
2,18,2962835
2,14,2963037
2,24,2963340
2,18,2964451
2,12,2965562
2,22,2966471
2,22,2968087
2,17,2968289
2,13,2968491
2,21,2968895
2,14,2969501
2,22,2969703
2,25,2970006
2,12,2970410
2,21,2970511
2,18,2970915
2,23,2971218
2,22,2971319
2,24,2971420
2,17,2971521
2,25,2971622
2,26,2972228
2,18,2972531
2,23,2972834
2,16,2973440
2,26,2973844
2,20,2974046
2,18,2974147
2,19,2974248
2,23,2974450
2,24,2974652
2,13,2974955
2,11,2975561
2,24,2976268
2,25,2976470
2,15,2976773
2,26,2977076
2,14,2977581
2,13,2978187
2,16,2978288
2,15,2978389
2,14,2979197
2,25,2979702
2,26,2980308
2,22,2981015
2,13,2981419
2,16,2981520
2,15,2981621
2,26,2981924
2,22,2982631
2,17,2982833
2,16,2983136
2,11,2983641
2,14,2984045
2,17,2984449
2,16,2984752
2,24,2985964
2,17,2986065
2,17,2987681
2,18,2988691
2,17,2989297
2,16,2989600
2,12,2989802
2,26,2990004
2,20,2990206
2,18,2990307
2,17,2990913
2,20,2991822
2,18,2991923
2,23,2992226
2,22,2992327
2,16,2992832
2,15,2992933
2,23,2993842
2,24,2994044
2,22,2995559
2,11,2996569
2,23,2997074
2,24,2997276
2,12,2997882
2,20,2998286
2,18,2998387
2,19,2998488
2,14,2998589
2,18,3000003
2,13,3000811
2,11,3001417
2,19,3001720
2,23,3001922
2,15,3002629
2,12,3002730
2,21,3002831
2,22,3003639
2,24,3003740
2,17,3003841
2,17,3005457
2,21,3006063
2,11,3006265
2,17,3007073
2,12,3007578
2,11,3007881
2,20,3007982
2,14,3008285
2,23,3008386
2,25,3008790
2,12,3009194
2,14,3009901
2,22,3010103
2,15,3010709
2,21,3010911
2,18,3011315
2,19,3011416
2,26,3012628
2,11,3012729
2,16,3013840
2,15,3013941
2,20,3014446
2,14,3014749
2,23,3014850
2,24,3015052
2,21,3015759
2,26,3015860
2,19,3016264
2,17,3016769
2,25,3016870
2,21,3017375
2,11,3017577
2,18,3017779
2,23,3018082
2,22,3018183
2,20,3019294
2,12,3020506
2,11,3020809
2,19,3021112
2,24,3021516
2,16,3021920
2,17,3023233
2,26,3023940
2,11,3024041
2,20,3024142
2,17,3024849
2,16,3025152
2,15,3025253
2,21,3025455
2,20,3025758
2,22,3026263
2,24,3026364
2,17,3026465
2,15,3026869
2,23,3027778
2,13,3028283
2,21,3028687
2,20,3028990
2,14,3029293
2,12,3030202
2,21,3030303
2,15,3031717
2,12,3031818
2,11,3032121
2,19,3032424
2,22,3032727
2,17,3032929
2,16,3033232
2,11,3033737
2,25,3034646
2,15,3034949
2,23,3035858
2,17,3036161
2,25,3036262
2,12,3036666
2,11,3036969
2,20,3037070
2,25,3037878
2,11,3038585
2,20,3038686
2,22,3039191
2,25,3041110
2,22,3042423
2,24,3042524
2,25,3044342
2,15,3044645
2,14,3045453
2,16,3046160
2,15,3046261
2,22,3047271
2,17,3047473
2,13,3047675
2,20,3048382
2,18,3048483
2,24,3048988
2,17,3049089
2,13,3049291
2,15,3049493
2,12,3049594
2,17,3050705
2,25,3050806
2,12,3051210
2,18,3051715
2,23,3052018
2,24,3052220
2,21,3052927
2,22,3053735
2,24,3053836
2,13,3054139
2,26,3054644
2,14,3055149
2,17,3055553
2,21,3057775
2,11,3057977
2,20,3058078
2,23,3058482
2,12,3059290
2,20,3059694
2,19,3059896
2,23,3060098
2,25,3060502
2,16,3060704
2,21,3061007
2,18,3061411
2,22,3061815
2,13,3062219
2,15,3062421
2,12,3062522
2,26,3062724
2,18,3063027
2,19,3063128
2,14,3064845
2,23,3064946
2,22,3065047
2,25,3065350
2,16,3065552
2,15,3065653
2,19,3066360
2,14,3066461
2,23,3066562
2,22,3066663
2,13,3067067
2,18,3067875
2,12,3068986
2,21,3069087
2,11,3069289
2,20,3069390
2,22,3069895
2,24,3069996
2,17,3070097
2,25,3070198
2,12,3070602
2,26,3070804
2,11,3070905
2,14,3071309
2,24,3071612
2,16,3072016
2,14,3072925
2,22,3073127
2,13,3073531
2,16,3073632
2,22,3074743
2,25,3075046
2,16,3075248
2,26,3075652
2,20,3075854
2,18,3075955
2,24,3076460
2,17,3076561
2,11,3077369
2,19,3077672
2,14,3077773
2,16,3078480
2,15,3078581
2,12,3078682
2,26,3078884
2,23,3079490
2,17,3079793
2,26,3080500
2,23,3081106
2,12,3081914
2,26,3082116
2,18,3082419
2,19,3082520
2,23,3082722
2,24,3082924
2,17,3083025
2,16,3083328
2,12,3083530
2,21,3083631
2,26,3083732
2,22,3084439
2,25,3084742
2,21,3085247
2,18,3085651
2,19,3085752
2,14,3085853
2,22,3086055
2,24,3086156
2,17,3086257
2,20,3087166
2,19,3087368
2,24,3087772
2,16,3088176
2,21,3088479
2,18,3088883
2,22,3089287
2,17,3089489
2,13,3089691
2,18,3090499
2,19,3090600
2,14,3092317
2,25,3092822
2,13,3092923
2,12,3093226
2,21,3093327
2,24,3094236
2,13,3094539
2,26,3095044
2,18,3095347
2,23,3095650
2,22,3095751
2,15,3096357
2,26,3096660
2,22,3097367
2,13,3097771
2,16,3097872
2,15,3097973
2,26,3098276
2,20,3098478
2,18,3098579
2,19,3098680
2,24,3099084
2,21,3099791
2,11,3099993
2,13,3101003
2,16,3101104
2,15,3101205
2,26,3101508
2,19,3101912
2,17,3102417
2,20,3103326
2,17,3104033
2,16,3104336
2,18,3105043
2,24,3105548
2,13,3105851
2,21,3106255
2,19,3106760
2,16,3107568
2,12,3107770
2,21,3107871
2,25,3108982
2,16,3109184
2,19,3109992
2,24,3110396
2,13,3110699
2,11,3111305
2,14,3111709
2,12,3112618
2,26,3112820
2,23,3115042
2,17,3115345
2,14,3116557
2,23,3116658
2,25,3117062
2,16,3117264
2,21,3117567
2,23,3118274
2,22,3118375
2,17,3118577
2,25,3118678
2,15,3120597
2,11,3121001
2,20,3121102
2,17,3121809
2,16,3122112
2,15,3122213
2,20,3122718
2,14,3123021
2,26,3124132
2,18,3124435
2,19,3124536
2,22,3124839
2,16,3125344
2,26,3125748
2,13,3126859
2,19,3127768
2,25,3128374
2,13,3128475
2,12,3128778
2,11,3129081
2,16,3130192
2,20,3130798
2,23,3131202
2,22,3131303
2,25,3131606
2,15,3131909
2,20,3132414
2,18,3132515
2,12,3133626
2,21,3133727
2,20,3134030
2,18,3134131
2,21,3135343
2,20,3135646
2,19,3135848
2,14,3135949
2,15,3136757
2,21,3136959
2,20,3137262
2,19,3137464
2,16,3138272
2,15,3138373
2,11,3138777
2,19,3139080
2,23,3139282
2,16,3139888
2,12,3140090
2,21,3140191
2,26,3140292
2,20,3140494
2,22,3140999
2,13,3141403
2,19,3142312
2,23,3142514
2,16,3143120
2,15,3143221
2,12,3143322
2,18,3143827
2,19,3143928
2,14,3144029
2,22,3144231
2,25,3144534
2,16,3144736
2,20,3145342
2,23,3145746
2,25,3146150
2,13,3146251
2,21,3146655
2,19,3147160
2,14,3147261
2,16,3147968
2,11,3148473
2,18,3148675
2,19,3148776
2,23,3148978
2,22,3149079
2,17,3149281
2,16,3149584
2,24,3150796
2,17,3150897
2,13,3151099
2,26,3151604
2,14,3152109
2,17,3152513
2,12,3153018
2,20,3153422
2,18,3153523
2,16,3154432
2,18,3155139
2,19,3155240
2,23,3155442
2,25,3155846
2,15,3156149
2,12,3156250
2,21,3156351
2,20,3156654
2,14,3156957
2,23,3157058
2,24,3157260
2,25,3157462
2,12,3157866
2,21,3157967
2,23,3158674
2,25,3159078
2,11,3159785
2,20,3159886
2,17,3160593
2,13,3160795
2,15,3162613
2,20,3163118
2,18,3163219
2,19,3163320
2,23,3163522
2,15,3164229
2,11,3164633
2,18,3164835
2,13,3165643
2,15,3165845
2,14,3166653
2,22,3166855
2,24,3166956
2,16,3167360
2,15,3167461
2,19,3168168
2,15,3169077
2,26,3169380
2,18,3169683
2,14,3169885
2,23,3169986
2,24,3170188
2,16,3170592
2,15,3170693
2,11,3171097
2,20,3171198
2,18,3171299
2,14,3171501
2,23,3171602
2,25,3172006
2,13,3172107
2,16,3172208
2,26,3172612
2,18,3172915
2,19,3173016
2,23,3173218
2,24,3173420
2,16,3173824
2,18,3174531
2,19,3174632
2,17,3175137
2,11,3175945
2,22,3176551
2,17,3176753
2,19,3177864
2,17,3178369
2,25,3178470
2,16,3178672
2,11,3179177
2,18,3179379
2,19,3179480
2,23,3179682
2,13,3180187
2,15,3180389
2,20,3180894
2,17,3181601
2,15,3182005
2,21,3182207
2,26,3182308
2,23,3182914
2,22,3183015
2,17,3183217
2,25,3183318
2,12,3183722
2,21,3183823
2,19,3184328
2,12,3185338
2,24,3186348
2,15,3186853
2,22,3187863
2,13,3188267
2,21,3188671
2,14,3189277
2,24,3189580
2,25,3189782
2,16,3189984
2,15,3190085
2,21,3190287
2,26,3190388
2,11,3190489
2,20,3190590
2,17,3191297
2,16,3191600
2,21,3191903
2,20,3192206
2,19,3192408
2,15,3193317
2,21,3193519
2,19,3194025
2,16,3194832
2,14,3195741
2,22,3195943
2,13,3196347
2,15,3196549
2,12,3196650
2,20,3197054
2,20,3198670
2,18,3198771
2,23,3199074
2,17,3199377
2,16,3199680
2,12,3199882
2,18,3200387
2,14,3200589
2,22,3200791
2,25,3201094
2,13,3201195
2,15,3201397
2,12,3201498
2,20,3201902
2,18,3202003
2,19,3202104
2,23,3202306
2,16,3202912
2,15,3203013
2,12,3203114
2,22,3204023
2,15,3204629
2,13,3206043
2,16,3206144
2,12,3206346
2,11,3206649
2,20,3206750
2,23,3208770
2,24,3208972
2,12,3209578
2,18,3210083
2,23,3210386
2,17,3210689
2,16,3210992
2,15,3211093
2,11,3211497
2,20,3211598
2,13,3212507
2,26,3213012
2,11,3213113
2,14,3213517
2,26,3214628
2,11,3214729
2,23,3215234
2,13,3215739
2,20,3216446
2,19,3216648
2,25,3217254
2,25,3218870
2,11,3219577
2,26,3221092
2,11,3221193
2,18,3223011
2,17,3223617
2,16,3223920
2,15,3224021
2,22,3225031
2,12,3225738
2,24,3226748
2,17,3226849
2,12,3227354
2,18,3227859
2,19,3227960
2,23,3228162
2,24,3228364
2,14,3229677
2,17,3230081
2,13,3230283
2,15,3230485
2,21,3230687
2,18,3231091
2,19,3231192
2,14,3231293
2,25,3231798
2,11,3232505
2,22,3233111
2,25,3233414
2,13,3233515
2,26,3234020
2,11,3234121
2,17,3234929
2,25,3235030
2,13,3235131
2,20,3235838
2,22,3236343
2,13,3236747
2,16,3236848
2,20,3237454
2,23,3237858
2,22,3237959
2,25,3238262
2,15,3238565
2,12,3238666
2,14,3239373
2,15,3240181
2,12,3240282
2,23,3241090
2,24,3241292
2,13,3241595
2,14,3242605
2,14,3244221
2,22,3244423
2,15,3245029
2,18,3245635
2,19,3245736
2,13,3246443
2,20,3247150
2,14,3247453
2,11,3248665
2,14,3249069
2,23,3249170
2,15,3249877
2,12,3249978
2,26,3251796
2,11,3251897
2,20,3251998
2,22,3252503
2,24,3252604
2,21,3253311
2,26,3253412
2,20,3253614
2,19,3253816
2,21,3254927
2,26,3255028
2,20,3255230
2,24,3255836
2,25,3256038
2,13,3256139
2,12,3256442
2,19,3257048
2,26,3258260
2,11,3258361
2,20,3258462
2,14,3258765
2,21,3259775
2,26,3259876
2,16,3261088
2,11,3261593
2,17,3262401
2,13,3262603
2,11,3263209
2,13,3264219
2,21,3264623
2,11,3264825
2,18,3265027
2,14,3265229
2,23,3265330
2,17,3265633
2,25,3265734
2,15,3266037
2,13,3267451
2,11,3268057
2,20,3268158
2,14,3268461
2,23,3268562
2,22,3268663
2,21,3269471
2,19,3269976
2,13,3270683
2,21,3271087
2,26,3271188
2,19,3271592
2,17,3272097
2,12,3272602
2,18,3273107
2,22,3273511
2,13,3273915
2,21,3274319
2,26,3274420
2,14,3274925
2,22,3275127
2,12,3275834
2,20,3276238
2,18,3276339
2,23,3276642
2,24,3276844
2,16,3277248
2,12,3277450
2,26,3277652
2,22,3278359
2,17,3278561
