scannedChannels,nodeID,channels,slots,scanPeriod,syncTime,cpuActiveTime,LPMTIme,DLPMTime,ASN,timeElapsedSinceReceptionSlotStartTime
13 13 11 12 14 ,9,8,101,1.587596,7.388519,0.170227,7.218292,0.000000,65044,0.007232
13 12 16 11 11 11 11 13 ,9,8,101,1.587596,12.453491,0.293121,12.160369,0.000000,66357,0.010131
13 12 17 11 ,9,8,101,1.587596,5.703430,0.134338,5.569091,0.000000,66963,0.004882
15 14 17 18 15 16 11 13 18 14 17 11 11 11 18 17 11 18 15 15 17 18 16 13 11 11 11 18 15 14 15 14 15 16 18 17 11 11 13 12 16 11 18 ,9,8,101,1.587596,68.094543,1.555328,66.539215,0.000000,73831,0.004974
17 18 14 14 16 12 14 15 13 ,9,8,101,1.587596,13.586303,0.315399,13.270904,0.000000,75246,0.011322
13 18 17 12 14 17 18 15 14 17 12 17 11 11 ,9,8,101,1.587596,21.797302,0.503356,21.293975,0.000000,77467,0.004608
11 12 14 16 11 12 14 15 17 11 15 16 11 11 11 ,9,8,101,1.587596,23.836395,0.544494,23.291900,0.000000,79891,0.006958
16 ,9,8,101,1.587596,0.570587,0.018127,0.552459,0.000000,79992,0.004760
14 16 11 13 13 12 15 17 11 13 12 16 12 14 16 13 13 18 14 15 14 17 12 17 13 13 13 12 14 15 16 ,9,8,101,1.587596,48.305297,1.099426,47.205902,0.000000,84840,0.009460
17 18 ,9,8,101,1.587596,2.868438,0.066253,2.802185,0.000000,85143,0.003875
15 15 15 15 17 12 16 15 17 11 18 16 18 14 14 15 16 11 ,9,8,101,1.587596,27.633300,0.635223,26.998077,0.000000,87971,0.004394
16 ,9,8,101,1.587596,0.515899,0.019683,0.496215,0.000000,88072,0.010040
16 11 18 15 14 16 12 17 12 17 11 13 13 12 15 17 13 12 17 13 13 ,9,8,101,1.587596,32.750518,0.747467,32.003051,0.000000,91405,0.008331
12 15 16 13 17 11 13 13 18 17 11 13 12 17 11 13 11 18 16 11 13 12 15 14 15 17 13 11 11 13 18 15 14 16 13 18 17 18 14 14 17 18 ,9,8,101,1.587596,66.610168,1.507873,65.102264,0.000000,98071,0.005035
15 17 ,9,8,101,1.587596,2.398651,0.063354,2.335266,0.000000,98374,0.006286
13 13 12 15 14 17 18 15 ,9,8,101,1.587596,11.563140,0.269683,11.293426,0.000000,99586,0.003875
14 14 14 17 12 16 13 14 14 14 16 18 15 16 ,9,8,101,1.587596,21.939361,0.503997,21.435394,0.000000,101808,0.003875
12 16 12 15 14 15 14 15 16 11 ,9,8,101,1.587596,14.484771,0.342224,14.142547,0.000000,103324,0.014465
16 11 12 16 18 17 13 18 14 14 14 16 13 13 11 13 ,9,8,101,1.587596,25.305145,0.588531,24.716644,0.000000,105949,0.006835
18 16 18 14 16 12 16 11 18 15 16 13 18 14 17 11 17 13 12 14 17 18 ,9,8,101,1.587596,34.056121,0.774200,33.281921,0.000000,109383,0.003906
12 15 16 12 17 11 11 12 15 17 13 12 15 14 17 13 11 18 16 11 11 12 17 13 18 17 18 14 16 11 13 18 11 ,9,8,101,1.587596,51.735046,1.183685,50.551361,0.000000,114635,0.006774
12 15 ,9,8,101,1.587596,2.937774,0.066314,2.871490,0.000000,114938,0.008056
17 11 18 17 18 17 18 14 16 18 15 17 13 18 15 14 15 14 17 13 13 18 17 11 ,9,8,101,1.587596,37.352111,0.847717,36.504425,0.000000,118675,0.005432
18 14 16 11 13 18 14 16 13 12 16 14 15 16 18 14 17 18 14 16 13 ,9,8,101,1.587596,33.445831,0.770599,32.675231,0.000000,122109,0.009490
12 14 ,9,8,101,1.587596,2.493438,0.067749,2.425689,0.000000,122412,0.003875
13 12 17 11 12 17 11 ,9,8,101,1.587596,11.098205,0.251678,10.846527,0.000000,123523,0.003906
14 17 16 18 15 15 17 13 11 11 12 15 16 18 14 16 ,9,8,101,1.587596,25.181457,0.571197,24.610290,0.000000,126048,0.003875
14 16 11 18 14 14 15 15 17 ,9,8,101,1.587596,13.469726,0.317871,13.151855,0.000000,127462,0.003906
12 17 13 13 12 14 14 15 14 14 15 17 12 14 15 15 15 17 12 14 15 13 ,9,8,101,1.587596,34.938049,0.800628,34.137420,0.000000,130997,0.005065
15 ,9,8,101,1.587596,0.915344,0.021789,0.893585,0.000000,131098,0.003875
13 11 11 13 12 16 18 16 11 13 11 11 12 16 14 14 15 17 ,9,8,101,1.587596,27.625488,0.634033,26.991424,0.000000,133926,0.004333
13 11 12 17 18 14 15 15 14 ,9,8,101,1.587596,13.258178,0.314819,12.943359,0.000000,135340,0.005096
13 12 17 13 18 15 17 11 14 14 14 15 17 13 12 14 16 13 ,9,8,101,1.587596,28.789550,0.657470,28.132110,0.000000,138269,0.004333
11 15 15 16 11 11 13 13 18 17 12 14 ,9,8,101,1.587596,18.375396,0.424865,17.950531,0.000000,140188,0.009735
12 14 15 16 12 17 ,9,8,101,1.587596,9.164703,0.221649,8.943054,0.000000,141198,0.003906
17 12 15 14 ,9,8,101,1.587596,5.578430,0.133087,5.445373,0.000000,141804,0.006134
11 13 13 ,9,8,101,1.587596,4.094848,0.107879,3.986968,0.000000,142309,0.003875
11 13 11 18 16 ,9,8,101,1.587596,6.719512,0.155975,6.563568,0.000000,143016,0.003875
15 ,9,8,101,1.587596,1.094024,0.035858,1.058166,0.000000,143218,0.006835
17 18 17 18 14 15 17 ,9,8,101,1.587596,11.195648,0.266418,10.929229,0.000000,144430,0.004119
18 17 11 18 14 15 14 17 13 13 18 14 17 11 12 17 12 14 14 ,9,8,101,1.587596,29.430114,0.679595,28.750518,0.000000,147460,0.009033
14 16 13 12 15 17 11 ,9,8,101,1.587596,10.906616,0.251190,10.655426,0.000000,148571,0.008544
12 16 12 15 11 11 11 18 15 14 14 17 12 16 12 14 17 18 ,9,8,101,1.587596,27.352050,0.631927,26.720092,0.000000,151399,0.009887
13 16 18 15 17 12 15 15 14 17 12 15 14 16 11 18 17 ,9,8,101,1.587596,26.766113,0.613342,26.152740,0.000000,154126,0.005737
11 ,9,8,101,1.587596,0.141204,0.016143,0.125091,0.000000,154227,0.003875
16 ,9,8,101,1.587596,0.687744,0.022338,0.665435,0.000000,154328,0.009185
12 17 11 12 18 17 18 ,9,8,101,1.587596,10.500274,0.245910,10.254364,0.000000,155439,0.008666
13 12 16 18 16 11 18 16 ,9,8,101,1.587596,12.453643,0.292297,12.161376,0.000000,156752,0.003875
12 15 ,9,8,101,1.587596,1.906524,0.042205,1.864318,0.000000,156954,0.007171
17 13 13 18 13 11 12 17 13 ,9,8,101,1.587596,14.172241,0.333465,13.838775,0.000000,158469,0.005737
13 11 13 18 16 13 12 15 14 14 14 16 12 18 14 14 14 ,9,8,101,1.587596,26.398895,0.608398,25.790527,0.000000,161196,0.009368
12 16 18 14 14 15 16 18 17 11 18 14 15 18 17 13 11 13 ,9,8,101,1.587596,28.703582,0.662261,28.041351,0.000000,164125,0.008605
17 11 12 14 15 14 14 16 12 14 14 14 ,9,8,101,1.587596,18.680114,0.430236,18.249877,0.000000,166044,0.006256
17 11 ,9,8,101,1.587596,2.937774,0.066833,2.870971,0.000000,166347,0.007507
12 16 13 18 15 16 18 17 12 ,9,8,101,1.587596,13.789367,0.318695,13.470642,0.000000,167761,0.008209
11 11 ,9,8,101,1.587596,1.898712,0.045745,1.852996,0.000000,167963,0.003875
16 11 12 14 15 15 16 12 14 16 18 14 15 15 14 14 16 11 13 12 15 14 14 14 17 13 ,9,8,101,1.587596,41.469329,0.952270,40.517089,0.000000,172205,0.006072
15 ,9,8,101,1.587596,0.461090,0.019165,0.441955,0.000000,172306,0.011688
12 14 ,9,8,101,1.587596,1.859649,0.040893,1.818756,0.000000,172508,0.007324
14 17 18 14 15 16 12 16 13 11 18 16 11 11 11 12 14 14 14 16 18 17 12 17 12 14 16 13 12 16 12 ,9,8,101,1.587596,48.539703,1.112518,47.427185,0.000000,177457,0.009887
11 11 18 16 18 16 15 16 18 15 14 17 13 13 18 15 14 16 12 15 14 14 16 12 16 13 11 13 ,9,8,101,1.587596,43.461547,0.997253,42.464263,0.000000,181901,0.007659
15 ,9,8,101,1.587596,0.968994,0.024444,0.944580,0.000000,182002,0.005554
13 13 13 18 14 15 17 13 12 17 18 17 18 16 ,9,8,101,1.587596,21.406677,0.493774,20.912933,0.000000,184224,0.004394
11 11 12 ,9,8,101,1.587596,4.234680,0.108581,4.126098,0.000000,184729,0.009124
14 16 ,9,8,101,1.587596,2.657836,0.064208,2.593627,0.000000,185032,0.003906
13 ,9,8,101,1.587596,0.328399,0.017852,0.310546,0.000000,185133,0.008239
18 17 13 11 ,9,8,101,1.587596,5.938751,0.134857,5.803924,0.000000,185739,0.003875
12 16 12 15 14 14 17 12 16 13 13 13 18 14 14 17 13 18 ,9,8,101,1.587596,28.078613,0.643188,27.435424,0.000000,188567,0.004364
15 15 15 14 15 16 11 ,9,8,101,1.587596,11.125335,0.264831,10.860534,0.000000,189779,0.009429
17 12 15 17 12 15 17 18 15 16 13 18 16 13 11 15 17 13 11 13 13 13 ,9,8,101,1.587596,34.195739,0.773712,33.422058,0.000000,193213,0.005645
15 16 12 15 16 ,9,8,101,1.587596,6.679992,0.155670,6.524322,0.000000,193920,0.005981
11 13 13 18 14 14 15 ,9,8,101,1.587596,9.805023,0.229187,9.575836,0.000000,194930,0.007659
18 ,9,8,101,1.587596,0.094024,0.015106,0.078918,0.000000,195031,0.005462
16 18 14 16 11 13 18 15 15 12 17 11 12 17 13 11 13 13 18 14 16 11 11 ,9,8,101,1.587596,35.898986,0.819519,35.079467,0.000000,198667,0.005096
16 ,9,8,101,1.587596,0.938751,0.025329,0.913421,0.000000,198768,0.003875
16 12 15 17 18 14 15 15 17 13 18 15 14 ,9,8,101,1.587596,19.484802,0.451110,19.033691,0.000000,200788,0.006164
18 13 18 17 13 18 14 15 14 14 16 11 13 13 ,9,8,101,1.587596,21.164489,0.476928,20.687591,0.000000,202909,0.007263
18 ,9,8,101,1.587596,1.079376,0.040191,1.039184,0.000000,203111,0.003906
16 14 16 ,9,8,101,1.587596,4.211242,0.107238,4.104003,0.000000,203616,0.007598
18 14 15 14 14 14 15 ,9,8,101,1.587596,9.765991,0.228393,9.537567,0.000000,204626,0.009277
13 18 17 11 13 ,9,8,101,1.587596,6.820617,0.156555,6.664093,0.000000,205333,0.009613
12 15 17 18 14 15 ,9,8,101,1.587596,9.023773,0.205902,8.817871,0.000000,206242,0.005645
13 13 18 16 ,9,8,101,1.587596,5.687805,0.133239,5.554595,0.000000,206848,0.008087
15 17 12 14 17 13 18 ,9,8,101,1.587596,11.047210,0.250213,10.796997,0.000000,207959,0.007629
16 11 11 12 15 ,9,8,101,1.587596,6.906555,0.160125,6.746459,0.000000,208666,0.007995
16 18 16 11 12 17 11 13 13 18 15 15 17 ,9,8,101,1.587596,19.485229,0.451385,19.033843,0.000000,210686,0.003875
15 15 ,9,8,101,1.587596,3.110992,0.083221,3.027770,0.000000,211090,0.003906
17 12 ,9,8,101,1.587596,2.445678,0.064971,2.380737,0.000000,211393,0.003875
15 16 13 ,9,8,101,1.587596,3.313781,0.087188,3.226593,0.000000,211797,0.003875
15 16 11 18 16 ,9,8,101,1.587596,6.532226,0.159027,6.373168,0.000000,212504,0.003875
12 18 ,9,8,101,1.587596,2.594024,0.066223,2.527832,0.000000,212807,0.004486
13 12 ,9,8,101,1.587596,1.734649,0.040527,1.694122,0.000000,213009,0.007904
16 18 14 16 13 13 11 11 17 11 12 16 18 14 16 12 17 13 12 16 13 12 14 12 15 14 16 13 13 13 11 13 13 ,9,8,101,1.587596,52.211608,1.188049,51.023559,0.000000,218261,0.003936
12 14 15 15 15 17 18 ,9,8,101,1.587596,9.758056,0.222686,9.535369,0.000000,219271,0.005554
12 ,9,8,101,1.587596,1.156524,0.040618,1.115905,0.000000,219473,0.009063
11 13 15 16 18 15 17 12 16 18 17 ,9,8,101,1.587596,17.133880,0.385375,16.748504,0.000000,221190,0.003875
11 18 14 14 ,9,8,101,1.587596,6.047180,0.140441,5.906768,0.000000,221796,0.005737
11 12 15 16 18 ,9,8,101,1.587596,6.836242,0.156524,6.679748,0.000000,222503,0.006164
18 16 18 14 14 17 15 14 14 16 13 11 12 15 15 15 15 17 15 14 15 17 ,9,8,101,1.587596,34.836456,0.794860,34.041625,0.000000,226038,0.007904
14 15 17 11 13 12 16 ,9,8,101,1.587596,9.820648,0.225769,9.594879,0.000000,227048,0.009552
18 16 13 18 17 11 11 13 13 12 17 13 13 18 17 11 11 12 ,9,8,101,1.587596,28.383300,0.657257,27.726043,0.000000,229977,0.008850
11 ,9,8,101,1.587596,1.414337,0.037750,1.376586,0.000000,230179,0.004516
11 13 12 14 16 13 12 15 15 16 12 15 16 11 11 ,9,8,101,1.587596,23.469177,0.542633,22.926574,0.000000,232603,0.006805
13 12 14 15 14 14 14 14 16 18 14 16 13 17 12 14 15 ,9,8,101,1.587596,27.072021,0.616485,26.455566,0.000000,235330,0.003875
18 ,9,8,101,1.587596,0.906433,0.023925,0.882537,0.000000,235431,0.008239
16 11 18 16 13 13 12 14 16 12 16 13 13 13 ,9,8,101,1.587596,21.586364,0.495117,21.091278,0.000000,237653,0.007141
15 17 13 11 ,9,8,101,1.587596,5.515930,0.132690,5.383239,0.000000,238259,0.009735
11 15 14 17 13 12 16 11 18 14 17 18 14 15 16 18 15 ,9,8,101,1.587596,27.219238,0.616912,26.602325,0.000000,240986,0.005554
11 13 13 18 17 18 ,9,8,101,1.587596,8.836273,0.202514,8.633758,0.000000,241895,0.009338
18 14 14 16 12 16 18 15 17 12 12 14 17 11 12 17 12 14 17 13 11 11 18 16 18 ,9,8,101,1.587596,39.508361,0.909545,38.598846,0.000000,245935,0.008087
12 15 16 12 15 ,9,8,101,1.587596,7.047180,0.158660,6.888549,0.000000,246642,0.008422
16 12 ,9,8,101,1.587596,2.679962,0.064025,2.615936,0.000000,246945,0.009674
15 14 16 12 14 16 13 11 18 14 ,9,8,101,1.587596,14.515991,0.337951,14.178039,0.000000,248460,0.008270
15 14 16 ,9,8,101,1.587596,3.398712,0.086303,3.312408,0.000000,248864,0.007293
15 ,9,8,101,1.587596,1.555877,0.045318,1.510589,0.000000,249066,0.003875
13 12 14 15 17 13 18 14 15 17 13 11 11 ,9,8,101,1.587596,20.234802,0.470367,19.764434,0.000000,251187,0.004058
14 15 ,9,8,101,1.587596,3.015930,0.070983,2.944946,0.000000,251490,0.005310
15 17 13 18 16 13 18 17 18 14 15 14 14 14 14 17 18 16 12 16 12 14 17 ,9,8,101,1.587596,35.352111,0.813354,34.538726,0.000000,255126,0.004943
14 14 15 16 11 12 14 16 18 17 13 12 15 ,9,8,101,1.587596,19.555084,0.451995,19.103118,0.000000,257146,0.008209
14 15 17 ,9,8,101,1.587596,3.734649,0.089141,3.645538,0.000000,257550,0.007293
13 12 16 18 16 18 14 17 18 ,9,8,101,1.587596,12.822174,0.297424,12.524749,0.000000,258863,0.003906
15 17 13 12 13 18 16 12 15 ,9,8,101,1.587596,14.406616,0.338775,14.067871,0.000000,260378,0.008789
17 11 18 14 14 17 18 11 ,9,8,101,1.587596,12.633209,0.291015,12.342193,0.000000,261691,0.003875
11 12 14 ,9,8,101,1.587596,4.312805,0.108428,4.204345,0.000000,262196,0.008575
15 14 15 14 14 ,9,8,101,1.587596,7.187713,0.174194,7.013549,0.000000,263004,0.006744
15 14 17 12 17 18 16 11 11 13 18 14 14 15 ,9,8,101,1.587596,21.383239,0.495178,20.888061,0.000000,265226,0.005676
12 17 ,9,8,101,1.587596,3.195587,0.083923,3.111663,0.000000,265630,0.004730
15 14 16 13 12 17 11 13 12 17 ,9,8,101,1.587596,16.008209,0.364257,15.643920,0.000000,267246,0.008911
11 ,9,8,101,1.587596,0.711181,0.022644,0.688568,0.000000,267347,0.006713
16 ,9,8,101,1.587596,0.398712,0.017181,0.381530,0.000000,267448,0.004577
17 18 ,9,8,101,1.587596,2.140930,0.062438,2.078491,0.000000,267751,0.005859
14 16 11 ,9,8,101,1.587596,3.422180,0.085266,3.336914,0.000000,268155,0.004913
13 11 13 18 16 18 17 11 18 17 ,9,8,101,1.587596,14.743011,0.338592,14.404418,0.000000,269670,0.003906
11 ,9,8,101,1.587596,0.383087,0.017730,0.365356,0.000000,269771,0.009094
14 14 15 17 18 16 ,9,8,101,1.587596,8.203460,0.197723,8.005737,0.000000,270680,0.005065
15 ,9,8,101,1.587596,1.023681,0.039459,0.984252,0.000000,270882,0.008514
15 14 17 12 16 18 14 15 13 ,9,8,101,1.587596,14.187866,0.334991,13.852905,0.000000,272397,0.007080
11 18 ,9,8,101,1.587596,1.751403,0.043273,1.708129,0.000000,272599,0.003875
14 ,9,8,101,1.587596,0.093994,0.015441,0.078552,0.000000,272700,0.008361
14 16 ,9,8,101,1.587596,3.133087,0.082214,3.050872,0.000000,273104,0.007446
14 16 13 18 17 18 15 17 13 18 15 16 11 18 17 12 14 15 15 17 12 14 14 ,9,8,101,1.587596,35.836456,0.819946,35.016540,0.000000,276740,0.007049
11 12 17 13 13 11 11 ,9,8,101,1.587596,10.539398,0.245788,10.293640,0.000000,277851,0.006530
12 17 11 16 11 ,9,8,101,1.587596,7.351867,0.176391,7.175506,0.000000,278659,0.004699
14 16 12 17 12 17 12 17 13 11 ,9,8,101,1.587596,15.586334,0.360229,15.226104,0.000000,280275,0.008911
12 14 14 ,9,8,101,1.587596,4.289367,0.106597,4.182739,0.000000,280780,0.005767
17 ,9,8,101,1.587596,1.601745,0.043975,1.557800,0.000000,280982,0.009277
11 12 15 ,9,8,101,1.587596,3.883087,0.090850,3.792266,0.000000,281386,0.008331
15 17 18 15 15 ,9,8,101,1.587596,7.492492,0.176757,7.315765,0.000000,282194,0.006530
11 12 ,9,8,101,1.587596,3.008087,0.067565,2.940551,0.000000,282497,0.007781
17 ,9,8,101,1.587596,0.617431,0.020874,0.596588,0.000000,282598,0.005615
14 16 ,9,8,101,1.587596,1.945587,0.041595,1.904022,0.000000,282800,0.009063
12 16 18 17 ,9,8,101,1.587596,5.336334,0.133483,5.202850,0.000000,283406,0.003875
16 17 11 11 12 14 14 17 12 ,9,8,101,1.587596,14.383178,0.337951,14.045257,0.000000,284921,0.010162
17 ,9,8,101,1.587596,0.445587,0.017211,0.428375,0.000000,285022,0.007995
18 16 ,9,8,101,1.587596,1.773986,0.043640,1.730346,0.000000,285224,0.003906
17 11 11 11 12 16 11 12 15 16 12 16 18 12 ,9,8,101,1.587596,20.930114,0.480865,20.449249,0.000000,287345,0.004730
15 16 ,9,8,101,1.587596,2.758117,0.067352,2.690765,0.000000,287648,0.005981
12 14 14 ,9,8,101,1.587596,3.828430,0.089355,3.739074,0.000000,288052,0.005065
13 11 ,9,8,101,1.587596,2.758087,0.065704,2.692413,0.000000,288355,0.006347
17 11 12 14 ,9,8,101,1.587596,4.985321,0.115570,4.869750,0.000000,288860,0.003875
17 ,9,8,101,1.587596,1.578399,0.040130,1.538269,0.000000,289062,0.006683
13 11 11 11 18 15 17 13 13 12 15 16 13 12 17 18 15 16 18 15 14 14 15 14 ,9,8,101,1.587596,37.523986,0.862060,36.661926,0.000000,292900,0.009765
16 11 ,9,8,101,1.587596,2.024353,0.061340,1.963012,0.000000,293203,0.003906
18 16 18 15 15 16 ,9,8,101,1.587596,9.023773,0.203979,8.819793,0.000000,294112,0.007049
12 17 18 15 14 14 15 14 16 12 16 11 11 12 16 ,9,8,101,1.587596,23.500427,0.543212,22.957244,0.000000,296536,0.009368
18 15 ,9,8,101,1.587596,1.703399,0.042022,1.661376,0.000000,296738,0.005004
12 17 18 17 13 13 18 15 15 14 16 12 ,9,8,101,1.587596,18.892211,0.434112,18.458129,0.000000,298657,0.003875
16 18 16 12 14 17 ,9,8,101,1.587596,8.148773,0.198028,7.950744,0.000000,299566,0.006500
15 15 16 11 13 13 13 ,9,8,101,1.587596,10.305023,0.243316,10.061706,0.000000,300677,0.005981
12 15 14 15 15 14 15 16 12 17 18 ,9,8,101,1.587596,17.594146,0.409301,17.184844,0.000000,302495,0.005798
16 12 ,9,8,101,1.587596,1.836212,0.042175,1.794067,0.000000,302697,0.009216
14 14 14 14 15 17 ,9,8,101,1.587596,8.765960,0.204895,8.561065,0.000000,303606,0.005249
16 18 16 18 15 15 14 14 15 16 11 ,9,8,101,1.587596,16.742584,0.384887,16.357696,0.000000,305323,0.007232
13 13 11 12 15 15 16 11 13 12 16 13 11 13 18 15 16 11 13 12 15 17 18 ,9,8,101,1.587596,35.570831,0.817474,34.753387,0.000000,308959,0.006896
13 12 17 18 16 11 12 16 13 18 ,9,8,101,1.587596,15.829162,0.364440,15.464721,0.000000,310575,0.003875
17 13 13 18 17 11 18 16 ,9,8,101,1.587596,12.367553,0.289215,12.078338,0.000000,311888,0.006164
11 18 ,9,8,101,1.587596,2.429962,0.065734,2.364257,0.000000,312191,0.007415
15 14 17 13 ,9,8,101,1.587596,5.422180,0.129821,5.292358,0.000000,312797,0.009918
15 ,9,8,101,1.587596,0.062744,0.015136,0.047637,0.000000,312898,0.007751
14 15 14 16 ,9,8,101,1.587596,5.501586,0.131927,5.369689,0.000000,313504,0.003875
13 ,9,8,101,1.587596,0.867462,0.021759,0.845703,0.000000,313605,0.008178
12 16 13 11 11 11 11 13 18 14 17 18 ,9,8,101,1.587596,17.641021,0.407226,17.233795,0.000000,315423,0.007934
15 14 17 12 17 18 14 16 ,9,8,101,1.587596,12.274658,0.291564,11.983093,0.000000,316736,0.003875
11 13 11 18 14 14 14 16 12 15 14 14 14 16 11 ,9,8,101,1.587596,22.594177,0.518463,22.075744,0.000000,319059,0.007568
18 14 17 15 16 18 17 18 ,9,8,101,1.587596,11.609710,0.269805,11.339935,0.000000,320271,0.004821
15 16 18 14 14 16 13 11 ,9,8,101,1.587596,12.008148,0.275024,11.733154,0.000000,321483,0.009918
15 15 ,9,8,101,1.587596,2.258483,0.059722,2.198791,0.000000,321786,0.003875
14 ,9,8,101,1.587596,1.219024,0.039459,1.179565,0.000000,321988,0.006866
18 14 16 12 17 12 14 15 17 12 16 11 ,9,8,101,1.587596,18.242614,0.428863,17.813751,0.000000,323907,0.004516
11 18 14 ,9,8,101,1.587596,4.617401,0.109771,4.507629,0.000000,324412,0.009185
13 11 ,9,8,101,1.587596,2.649932,0.068634,2.581298,0.000000,324715,0.003875
16 13 13 18 17 13 ,9,8,101,1.587596,9.195648,0.221740,8.973937,0.000000,325725,0.004302
14 14 17 ,9,8,101,1.587596,4.172180,0.106781,4.065399,0.000000,326230,0.009063
16 13 ,9,8,101,1.587596,2.657989,0.067260,2.590759,0.000000,326533,0.003875
16 18 15 16 ,9,8,101,1.587596,6.313842,0.151458,6.162384,0.000000,327240,0.003906
14 14 16 13 12 14 16 11 12 ,9,8,101,1.587596,13.039428,0.299591,12.739837,0.000000,328553,0.005767
15 16 ,9,8,101,1.587596,2.469024,0.063049,2.406005,0.000000,328856,0.006958
14 15 ,9,8,101,1.587596,2.001495,0.046386,1.955139,0.000000,329058,0.003875
18 15 14 14 14 17 18 16 13 ,9,8,101,1.587596,14.297241,0.338104,13.959136,0.000000,330573,0.009033
15 ,9,8,101,1.587596,0.367462,0.016876,0.350585,0.000000,330674,0.006805
17 11 12 16 13 ,9,8,101,1.587596,6.867492,0.160217,6.707275,0.000000,331381,0.007202
16 12 14 16 11 18 ,9,8,101,1.587596,9.218994,0.223632,8.995391,0.000000,332391,0.008850
14 14 17 12 15 ,9,8,101,1.587596,7.047180,0.158081,6.889129,0.000000,333098,0.009216
15 14 ,9,8,101,1.587596,2.000274,0.046539,1.953735,0.000000,333300,0.004882
13 12 14 14 17 18 15 16 ,9,8,101,1.587596,12.078491,0.273925,11.804565,0.000000,334512,0.009948
15 17 14 ,9,8,101,1.587596,3.929992,0.090667,3.839324,0.000000,334916,0.009002
16 13 13 ,9,8,101,1.587596,4.594055,0.111572,4.482482,0.000000,335421,0.005920
16 12 14 15 15 14 14 17 13 18 15 ,9,8,101,1.587596,16.961334,0.387939,16.573394,0.000000,337138,0.007934
15 16 18 17 13 12 17 17 12 15 17 11 11 13 ,9,8,101,1.587596,22.289520,0.520507,21.769012,0.000000,339461,0.004699
16 12 14 14 17 11 12 ,9,8,101,1.587596,11.133087,0.266754,10.866333,0.000000,340673,0.009765
15 17 13 ,9,8,101,1.587596,3.445617,0.087097,3.358520,0.000000,341077,0.008850
16 13 11 12 14 16 12 16 12 17 12 14 ,9,8,101,1.587596,18.633239,0.431365,18.201873,0.000000,342996,0.006500
17 ,9,8,101,1.587596,1.156524,0.040191,1.116363,0.000000,343198,0.009887
12 17 11 11 13 11 ,9,8,101,1.587596,8.976898,0.206970,8.769927,0.000000,344107,0.005920
17 13 11 12 ,9,8,101,1.587596,5.625305,0.131164,5.494140,0.000000,344713,0.008453
11 12 17 13 11 11 ,9,8,101,1.587596,9.422210,0.224487,9.197723,0.000000,345723,0.010162
18 17 13 18 14 16 18 14 ,9,8,101,1.587596,12.406524,0.289276,12.117248,0.000000,347036,0.005187
12 17 15 16 13 11 18 14 16 13 13 11 13 ,9,8,101,1.587596,20.750396,0.481323,20.269104,0.000000,349157,0.006286
13 11 18 15 15 16 13 13 18 17 12 16 13 15 16 ,9,8,101,1.587596,22.743499,0.522705,22.220825,0.000000,351480,0.003875
13 ,9,8,101,1.587596,0.773712,0.020294,0.753417,0.000000,351581,0.008697
16 12 16 11 12 14 16 15 15 16 12 16 11 18 17 13 13 18 16 ,9,8,101,1.587596,30.321136,0.701599,29.619506,0.000000,354712,0.003875
18 16 11 11 ,9,8,101,1.587596,6.258148,0.156341,6.101776,0.000000,355419,0.003967
14 17 17 13 18 15 15 ,9,8,101,1.587596,10.399291,0.246856,10.152465,0.000000,356530,0.003875
17 13 11 ,9,8,101,1.587596,4.226867,0.106445,4.120422,0.000000,357035,0.008117
12 15 ,9,8,101,1.587596,2.883087,0.069061,2.814056,0.000000,357338,0.009368
12 14 17 ,9,8,101,1.587596,3.648742,0.088470,3.560272,0.000000,357742,0.008514
16 11 11 11 18 14 14 14 17 18 18 15 15 ,9,8,101,1.587596,19.875427,0.453430,19.421997,0.000000,359762,0.003936
16 13 12 16 ,9,8,101,1.587596,5.609680,0.133880,5.475830,0.000000,360368,0.006469
14 15 16 12 14 16 12 16 11 13 13 ,9,8,101,1.587596,16.578521,0.382690,16.195831,0.000000,362085,0.008483
14 11 13 18 16 18 ,9,8,101,1.587596,9.297210,0.223022,9.074218,0.000000,363095,0.010162
14 17 ,9,8,101,1.587596,2.828704,0.065795,2.762908,0.000000,363398,0.003875
18 14 15 14 15 15 16 13 11 12 ,9,8,101,1.587596,14.461242,0.335723,14.125488,0.000000,364913,0.009887
16 13 ,9,8,101,1.587596,3.148712,0.083953,3.064758,0.000000,365317,0.009002
11 13 18 14 14 15 ,9,8,101,1.587596,8.648681,0.202789,8.445922,0.000000,366226,0.005004
16 13 11 13 11 11 13 18 14 16 13 12 17 ,9,8,101,1.587596,19.828521,0.454681,19.373870,0.000000,368246,0.008270
15 16 13 18 14 15 17 11 13 12 14 15 14 12 17 ,9,8,101,1.587596,23.290588,0.541473,22.749114,0.000000,370670,0.003906
11 ,9,8,101,1.587596,0.406524,0.017272,0.389251,0.000000,370771,0.008453
17 18 17 12 ,9,8,101,1.587596,5.290069,0.134063,5.156005,0.000000,371377,0.003875
13 12 17 18 ,9,8,101,1.587596,5.375213,0.129455,5.245758,0.000000,371983,0.005706
13 11 11 ,9,8,101,1.587596,3.265899,0.084411,3.181488,0.000000,372387,0.004791
15 14 17 11 12 17 13 ,9,8,101,1.587596,10.008148,0.229064,9.779083,0.000000,373397,0.006469
18 ,9,8,101,1.587596,1.093994,0.039031,1.054992,0.000000,373599,0.009918
18 15 16 ,9,8,101,1.587596,4.265930,0.108001,4.157928,0.000000,374104,0.006866
17 18 ,9,8,101,1.587596,2.640899,0.065429,2.575500,0.000000,374407,0.008087
11 12 ,9,8,101,1.587596,1.812896,0.043060,1.769866,0.000000,374609,0.003875
17 ,9,8,101,1.587596,0.695587,0.020324,0.675231,0.000000,374710,0.009338
17 13 ,9,8,101,1.587596,2.657592,0.066223,2.591369,0.000000,375013,0.003906
18 ,9,8,101,1.587596,1.312744,0.042022,1.270751,0.000000,375215,0.006286
16 16 18 16 13 11 13 13 13 ,9,8,101,1.587596,13.336303,0.310821,13.025482,0.000000,376629,0.007019
18 15 15 17 ,9,8,101,1.587596,4.914337,0.114593,4.799774,0.000000,377134,0.003936
12 15 15 16 13 18 15 16 11 12 ,9,8,101,1.587596,14.603332,0.337860,14.265502,0.000000,378649,0.003875
11 ,9,8,101,1.587596,1.539337,0.041381,1.497955,0.000000,378851,0.005920
14 14 16 13 12 16 ,9,8,101,1.587596,8.961273,0.203613,8.757659,0.000000,379760,0.009704
16 12 17 11 18 14 17 18 15 15 14 14 16 18 17 13 11 11 18 14 16 18 ,9,8,101,1.587596,34.805358,0.795013,34.010345,0.000000,383295,0.003875
17 18 14 15 ,9,8,101,1.587596,6.273742,0.150787,6.122955,0.000000,384002,0.004089
16 18 14 14 15 14 17 11 11 ,9,8,101,1.587596,13.000366,0.298858,12.701507,0.000000,385315,0.006988
17 18 14 ,9,8,101,1.587596,4.054901,0.105346,3.949554,0.000000,385820,0.003936
17 11 13 12 18 ,9,8,101,1.587596,6.953430,0.160614,6.792846,0.000000,386527,0.004272
15 16 11 ,9,8,101,1.587596,3.360168,0.086395,3.273773,0.000000,386931,0.003875
17 13 18 15 15 16 ,9,8,101,1.587596,8.555023,0.199615,8.355407,0.000000,387840,0.007171
13 ,9,8,101,1.587596,0.640899,0.019744,0.621124,0.000000,387941,0.005004
18 15 16 12 17 13 13 18 16 11 11 12 16 11 ,9,8,101,1.587596,22.047302,0.501556,21.545745,0.000000,390163,0.003875
13 12 14 16 13 12 15 ,9,8,101,1.587596,11.094635,0.253112,10.841522,0.000000,391274,0.003906
17 12 ,9,8,101,1.587596,2.797149,0.068145,2.729034,0.000000,391577,0.004638
14 14 14 15 ,9,8,101,1.587596,4.836242,0.113067,4.723175,0.000000,392082,0.009399
14 14 ,9,8,101,1.587596,1.883087,0.044219,1.838897,0.000000,392284,0.005004
12 14 15 14 16 13 18 15 16 13 18 15 12 15 ,9,8,101,1.587596,21.883239,0.498321,21.384918,0.000000,394506,0.003936
11 13 18 17 12 15 16 12 16 12 16 12 ,9,8,101,1.587596,18.211334,0.425354,17.785980,0.000000,396425,0.009368
14 16 ,9,8,101,1.587596,2.368530,0.066101,2.302429,0.000000,396728,0.003906
18 16 18 16 13 11 18 ,9,8,101,1.587596,10.242462,0.246856,9.995605,0.000000,397839,0.010131
13 13 13 12 16 15 15 15 15 15 ,9,8,101,1.587596,15.125366,0.342620,14.782775,0.000000,399354,0.008636
13 13 13 18 15 16 17 11 11 ,9,8,101,1.587596,12.938018,0.294036,12.643981,0.000000,400667,0.003875
11 11 11 12 16 11 11 12 16 12 15 14 15 16 11 11 11 12 14 14 15 15 14 17 18 14 14 16 13 12 16 ,9,8,101,1.587596,48.969390,1.117889,47.851501,0.000000,405616,0.006286
12 16 11 13 12 17 11 18 14 15 15 ,9,8,101,1.587596,17.219055,0.402496,16.816589,0.000000,407434,0.006103
17 18 16 18 14 14 17 11 11 ,9,8,101,1.587596,13.047241,0.300476,12.746765,0.000000,408747,0.009033
14 14 14 14 14 18 16 12 17 ,9,8,101,1.587596,14.398803,0.337219,14.061614,0.000000,410262,0.007568
15 16 ,9,8,101,1.587596,1.735351,0.041778,1.693572,0.000000,410464,0.003906
18 14 15 16 11 ,9,8,101,1.587596,6.438140,0.155517,6.282623,0.000000,411171,0.003906
18 16 12 14 16 12 17 13 13 18 14 16 13 12 ,9,8,101,1.587596,21.330017,0.500366,20.829620,0.000000,413393,0.003875
16 18 15 14 17 11 ,9,8,101,1.587596,9.570648,0.221557,9.349121,0.000000,414403,0.004119
13 ,9,8,101,1.587596,1.601837,0.044311,1.557525,0.000000,414605,0.007598
15 17 13 12 14 15 14 16 11 ,9,8,101,1.587596,13.305053,0.312286,12.992797,0.000000,416019,0.008270
11 11 11 13 13 17 18 17 12 ,9,8,101,1.587596,13.789428,0.316802,13.472625,0.000000,417433,0.009033
18 17 18 14 14 ,9,8,101,1.587596,6.492523,0.157165,6.335327,0.000000,418140,0.009368
16 13 12 15 ,9,8,101,1.587596,5.570617,0.133239,5.437408,0.000000,418746,0.004089
17 13 11 ,9,8,101,1.587596,4.406555,0.109497,4.297058,0.000000,419251,0.008850
14 17 13 15 17 11 11 18 14 14 16 13 18 ,9,8,101,1.587596,19.875427,0.453674,19.421752,0.000000,421271,0.004333
11 12 ,9,8,101,1.587596,1.742462,0.044067,1.698425,0.000000,421473,0.007751
11 ,9,8,101,1.587596,1.211700,0.038085,1.173614,0.000000,421675,0.003875
18 16 18 14 15 14 15 ,9,8,101,1.587596,10.446685,0.249572,10.197113,0.000000,422786,0.003875
15 17 11 ,9,8,101,1.587596,4.367492,0.107330,4.260192,0.000000,423291,0.007598
16 ,9,8,101,1.587596,0.101806,0.015441,0.086395,0.000000,423392,0.005432
18 15 ,9,8,101,1.587596,1.953399,0.046722,1.906677,0.000000,423594,0.008850
15 17 18 14 14 15 16 18 15 15 ,9,8,101,1.587596,15.547271,0.359771,15.187500,0.000000,425210,0.005187
14 ,9,8,101,1.587596,1.242431,0.042083,1.200378,0.000000,425412,0.008636
12 ,9,8,101,1.587596,0.797149,0.021270,0.775878,0.000000,425513,0.006500
11 ,9,8,101,1.587596,1.062774,0.037384,1.025390,0.000000,425715,0.009948
17 18 17 11 12 16 11 13 12 15 15 14 14 ,9,8,101,1.587596,20.727630,0.477874,20.249786,0.000000,427836,0.003875
13 13 12 14 15 15 14 14 14 17 15 17 12 15 17 12 ,9,8,101,1.587596,24.250915,0.563171,23.687774,0.000000,430361,0.003875
15 17 12 17 12 ,9,8,101,1.587596,7.976867,0.181915,7.794982,0.000000,431169,0.009399
12 14 15 14 16 13 11 11 13 13 11 12 15 14 17 12 17 18 17 12 16 13 12 17 12 17 ,9,8,101,1.587596,41.320892,0.937194,40.383697,0.000000,435310,0.005920
13 18 16 12 14 17 11 18 15 14 16 12 15 ,9,8,101,1.587596,19.836364,0.453613,19.382751,0.000000,437330,0.009216
13 11 12 14 14 14 11 18 15 17 13 13 18 16 ,9,8,101,1.587596,21.844177,0.503204,21.340972,0.000000,439552,0.008148
13 11 11 11 11 ,9,8,101,1.587596,6.953430,0.159851,6.793609,0.000000,440259,0.008453
14 17 12 14 14 15 15 ,9,8,101,1.587596,10.109680,0.243377,9.866333,0.000000,441370,0.007904
17 18 14 15 16 11 18 14 12 16 11 13 12 16 ,9,8,101,1.587596,21.687927,0.495300,21.192626,0.000000,443592,0.006835
17 18 14 ,9,8,101,1.587596,3.617462,0.087097,3.530364,0.000000,443996,0.005950
13 13 17 13 13 18 14 17 13 11 18 17 18 17 16 12 ,9,8,101,1.587596,24.445770,0.568237,23.877532,0.000000,446521,0.006164
14 15 15 ,9,8,101,1.587596,4.540191,0.108978,4.431213,0.000000,447026,0.003875
11 13 18 17 13 13 13 11 ,9,8,101,1.587596,12.359710,0.292114,12.067626,0.000000,448339,0.005950
17 12 16 12 14 15 17 11 18 14 15 16 13 13 13 11 18 15 14 15 17 13 ,9,8,101,1.587596,33.758331,0.769805,32.988525,0.000000,451773,0.009948
14 14 14 16 11 11 11 13 12 17 18 17 18 17 12 16 11 18 14 15 16 13 12 14 16 18 ,9,8,101,1.587596,41.414642,0.949035,40.465606,0.000000,456015,0.004364
13 13 11 14 17 18 14 16 11 18 15 14 16 18 14 15 17 ,9,8,101,1.587596,27.062988,0.618835,26.444122,0.000000,458742,0.007965
18 16 18 14 ,9,8,101,1.587596,5.134246,0.132934,5.001342,0.000000,459348,0.003875
18 12 17 13 11 13 18 17 18 16 12 ,9,8,101,1.587596,16.828521,0.382781,16.445739,0.000000,461065,0.004730
17 18 17 11 12 ,9,8,101,1.587596,7.805938,0.181915,7.624023,0.000000,461873,0.003875
18 14 16 18 17 11 18 17 12 14 17 ,9,8,101,1.587596,16.328491,0.383209,15.945312,0.000000,463590,0.004882
15 15 14 14 ,9,8,101,1.587596,6.015930,0.133880,5.882049,0.000000,464196,0.007415
11 18 15 14 14 12 ,9,8,101,1.587596,8.383575,0.201751,8.181854,0.000000,465105,0.003875
12 15 17 12 17 12 15 16 18 15 17 ,9,8,101,1.587596,16.297271,0.381652,15.915618,0.000000,466822,0.005432
14 17 13 13 18 17 11 12 15 17 ,9,8,101,1.587596,15.453521,0.359924,15.093566,0.000000,468438,0.009582
12 16 ,9,8,101,1.587596,1.734680,0.045654,1.688995,0.000000,468640,0.005249
16 12 17 12 15 14 15 15 17 ,9,8,101,1.587596,13.672241,0.312194,13.360046,0.000000,470054,0.005950
12 15 14 16 12 17 11 12 15 17 ,9,8,101,1.587596,15.383178,0.359191,15.024017,0.000000,471670,0.010131
14 15 14 14 17 14 17 13 11 11 12 17 13 13 18 14 14 15 ,9,8,101,1.587596,28.234924,0.641479,27.593475,0.000000,474498,0.003875
14 ,9,8,101,1.587596,1.062683,0.035858,1.026824,0.000000,474700,0.007232
16 13 18 15 ,9,8,101,1.587596,5.101867,0.130920,4.970947,0.000000,475306,0.009765
15 17 12 15 12 17 12 17 12 14 15 15 16 11 11 18 ,9,8,101,1.587596,24.336395,0.561614,23.774780,0.000000,477831,0.009979
13 13 11 12 15 15 15 16 ,9,8,101,1.587596,12.375335,0.291656,12.083709,0.000000,479144,0.005035
12 15 17 12 ,9,8,101,1.587596,5.015930,0.114471,4.901458,0.000000,479649,0.009826
16 11 13 11 13 12 16 ,9,8,101,1.587596,10.156616,0.246551,9.910034,0.000000,480760,0.009277
16 18 ,9,8,101,1.587596,2.493682,0.064331,2.429351,0.000000,481063,0.003906
17 11 11 ,9,8,101,1.587596,3.234649,0.083923,3.150756,0.000000,481467,0.009613
14 17 18 ,9,8,101,1.587596,4.015899,0.091644,3.924285,0.000000,481871,0.008728
17 13 13 13 ,9,8,101,1.587596,5.477325,0.129974,5.347351,0.000000,482477,0.003875
13 11 11 11 ,9,8,101,1.587596,5.711242,0.137084,5.574157,0.000000,483083,0.005981
14 14 17 13 18 16 ,9,8,101,1.587596,8.984710,0.202697,8.782012,0.000000,483992,0.009796
12 16 13 14 15 16 18 14 15 15 17 11 12 16 18 17 12 15 17 16 ,9,8,101,1.587596,31.322082,0.724548,30.597564,0.000000,487224,0.003875
17 18 ,9,8,101,1.587596,2.687835,0.065673,2.622161,0.000000,487527,0.003906
14 ,9,8,101,1.587596,0.476806,0.019317,0.457519,0.000000,487628,0.009429
15 14 16 ,9,8,101,1.587596,3.773712,0.088684,3.685058,0.000000,488032,0.008514
16 13 13 13 11 ,9,8,101,1.587596,7.031555,0.159179,6.872375,0.000000,488739,0.008880
16 18 15 17 15 17 13 11 12 ,9,8,101,1.587596,13.461242,0.315338,13.145904,0.000000,490153,0.009613
11 11 13 ,9,8,101,1.587596,3.711242,0.089416,3.621826,0.000000,490557,0.008758
11 12 16 18 17 12 14 ,9,8,101,1.587596,10.906616,0.251342,10.655273,0.000000,491668,0.008209
14 16 18 14 17 12 17 11 18 16 18 16 11 11 18 ,9,8,101,1.587596,22.555145,0.525512,22.029632,0.000000,493991,0.004943
13 18 17 11 12 16 18 16 12 15 ,9,8,101,1.587596,14.672698,0.339691,14.333007,0.000000,495506,0.003875
12 16 18 16 ,9,8,101,1.587596,5.758117,0.131591,5.626525,0.000000,496112,0.005981
14 15 ,9,8,101,1.587596,2.000274,0.049499,1.950805,0.000000,496314,0.009429
14 16 12 14 14 17 11 18 16 17 11 11 13 12 17 13 13 12 16 ,9,8,101,1.587596,30.180175,0.682434,29.497772,0.000000,499344,0.006530
16 18 ,9,8,101,1.587596,2.765899,0.064270,2.701629,0.000000,499647,0.007812
18 16 11 ,9,8,101,1.587596,3.508087,0.085968,3.422119,0.000000,500051,0.006896
13 13 ,9,8,101,1.587596,1.681243,0.046356,1.634887,0.000000,500253,0.003875
13 12 14 17 13 13 11 12 15 15 12 17 12 17 18 17 12 15 17 12 17 11 13 12 14 16 12 15 14 17 11 13 13 11 ,9,8,101,1.587596,53.563171,1.227020,52.336151,0.000000,505707,0.009887
16 13 ,9,8,101,1.587596,1.836212,0.042205,1.794036,0.000000,505909,0.005462
12 14 ,9,8,101,1.587596,2.976837,0.068176,2.908660,0.000000,506212,0.006744
18 15 17 11 11 13 12 11 18 15 16 18 15 15 ,9,8,101,1.587596,22.016082,0.504364,21.511688,0.000000,508434,0.005676
15 14 ,9,8,101,1.587596,1.961242,0.043121,1.918121,0.000000,508636,0.009155
16 13 13 ,9,8,101,1.587596,4.586212,0.111145,4.475097,0.000000,509141,0.006011
11 18 ,9,8,101,1.587596,1.844024,0.042541,1.801483,0.000000,509343,0.009460
15 15 16 ,9,8,101,1.587596,4.773742,0.113006,4.660736,0.000000,509848,0.006347
13 ,9,8,101,1.587596,0.929931,0.024108,0.905853,0.000000,509949,0.004180
14 14 ,9,8,101,1.587596,2.750274,0.064697,2.685607,0.000000,510252,0.005462
11 11 ,9,8,101,1.587596,2.375274,0.060058,2.315216,0.000000,510555,0.006744
12 14 15 16 11 ,9,8,101,1.587596,7.875305,0.181549,7.693756,0.000000,511363,0.004974
17 16 13 12 ,9,8,101,1.587596,5.640930,0.134490,5.506439,0.000000,511969,0.007476
14 15 17 13 12 ,9,8,101,1.587596,7.437835,0.178558,7.259277,0.000000,512777,0.005615
11 13 11 12 14 16 11 ,9,8,101,1.587596,10.008148,0.228515,9.779663,0.000000,513787,0.007293
15 16 13 13 18 17 11 13 18 16 11 18 14 ,9,8,101,1.587596,20.742614,0.476135,20.266479,0.000000,515908,0.008392
12 15 16 11 12 14 15 16 ,9,8,101,1.587596,12.055053,0.272644,11.782409,0.000000,517120,0.005676
11 17 13 18 16 ,9,8,101,1.587596,7.101928,0.174163,6.927795,0.000000,517928,0.003875
17 11 13 11 ,9,8,101,1.587596,6.125244,0.152587,5.972625,0.000000,518635,0.004241
13 11 11 13 11 17 11 12 14 ,9,8,101,1.587596,13.109741,0.296691,12.813079,0.000000,519948,0.007141
11 13 18 15 ,9,8,101,1.587596,5.890930,0.136871,5.754058,0.000000,520554,0.009643
18 ,9,8,101,1.587596,0.758087,0.019439,0.738647,0.000000,520655,0.007476
17 18 16 ,9,8,101,1.587596,4.797149,0.113311,4.683868,0.000000,521160,0.004364
16 12 16 18 14 14 16 11 18 17 12 14 17 18 17 13 ,9,8,101,1.587596,24.430145,0.562896,23.867279,0.000000,523685,0.004608
11 13 12 ,9,8,101,1.587596,4.023986,0.091186,3.932830,0.000000,524089,0.003875
14 17 13 11 11 12 16 ,9,8,101,1.587596,10.102630,0.246124,9.856506,0.000000,525200,0.003875
17 18 ,9,8,101,1.587596,2.297149,0.064788,2.232391,0.000000,525503,0.004394
17 18 17 12 16 12 ,9,8,101,1.587596,9.445648,0.220153,9.225494,0.000000,526513,0.006011
18 15 15 14 16 18 17 14 17 13 11 18 17 11 18 15 16 13 ,9,8,101,1.587596,27.727020,0.636016,27.091033,0.000000,529341,0.007476
11 18 16 11 ,9,8,101,1.587596,5.711242,0.132415,5.578826,0.000000,529947,0.010040
17 18 17 13 12 14 15 15 16 11 13 13 ,9,8,101,1.587596,18.109802,0.413848,17.695953,0.000000,531765,0.009887
11 12 14 17 18 17 12 17 12 15 17 18 15 17 18 14 16 11 12 14 17 11 12 ,9,8,101,1.587596,35.594299,0.816802,34.777496,0.000000,535401,0.009552
17 ,9,8,101,1.587596,0.773712,0.020965,0.752716,0.000000,535502,0.007293
13 12 14 17 18 18 16 11 12 16 12 17 13 18 15 14 15 15 ,9,8,101,1.587596,27.648925,0.635620,27.013305,0.000000,538330,0.008789
17 13 11 ,9,8,101,1.587596,4.586242,0.109130,4.477111,0.000000,538835,0.005706
11 18 17 11 13 11 11 13 18 15 17 13 18 14 14 17 13 12 17 18 15 17 11 11 18 15 17 11 13 12 15 17 13 11 18 15 14 15 18 15 14 15 ,9,8,101,1.587596,66.961730,1.524169,65.437561,0.000000,545602,0.008087
13 18 17 18 14 17 12 17 18 16 12 16 13 18 17 18 ,9,8,101,1.587596,24.305145,0.564361,23.740783,0.000000,548127,0.008270
18 17 ,9,8,101,1.587596,2.539337,0.064880,2.474487,0.000000,548430,0.009521
16 12 15 14 16 17 12 15 14 ,9,8,101,1.587596,13.673675,0.314666,13.359008,0.000000,549844,0.003875
11 12 14 17 11 18 14 17 11 18 ,9,8,101,1.587596,14.820709,0.341766,14.478912,0.000000,551359,0.008789
13 18 16 ,9,8,101,1.587596,4.156524,0.106842,4.049682,0.000000,551864,0.005706
12 16 12 ,9,8,101,1.587596,4.399993,0.111389,4.288604,0.000000,552369,0.003875
18 14 15 15 ,9,8,101,1.587596,4.929992,0.112152,4.817840,0.000000,552874,0.007385
18 ,9,8,101,1.587596,0.203399,0.015808,0.187561,0.000000,552975,0.005096
11 12 15 17 11 18 17 13 11 13 18 15 15 15 ,9,8,101,1.587596,22.281677,0.516784,21.764892,0.000000,555298,0.009704
11 13 13 12 14 17 18 14 14 16 11 11 11 18 15 17 12 ,9,8,101,1.587596,27.062896,0.614715,26.448181,0.000000,558025,0.005493
15 15 14 14 15 14 14 15 ,9,8,101,1.587596,12.812835,0.296813,12.516052,0.000000,559338,0.008422
11 18 15 14 16 11 13 12 17 12 17 15 17 ,9,8,101,1.587596,19.820739,0.454864,19.365905,0.000000,561358,0.003875
13 13 12 17 13 18 14 17 11 12 ,9,8,101,1.587596,14.423706,0.337982,14.085754,0.000000,562873,0.003875
14 15 15 17 12 ,9,8,101,1.587596,7.109710,0.175567,6.934143,0.000000,563681,0.008422
16 13 11 13 11 11 12 17 18 14 14 17 11 11 18 15 17 18 14 15 15 15 14 14 15 16 12 16 11 18 15 14 17 14 15 16 13 12 17 11 18 17 18 17 12 17 11 18 14 14 ,9,8,101,1.587596,79.399322,1.798583,77.600769,0.000000,571660,0.008087
11 18 16 11 18 ,9,8,101,1.587596,6.617492,0.158081,6.459411,0.000000,572367,0.008422
13 13 11 ,9,8,101,1.587596,3.617492,0.088348,3.529144,0.000000,572771,0.007537
16 18 15 14 14 17 11 13 13 13 18 15 17 11 18 16 ,9,8,101,1.587596,24.516082,0.566314,23.949768,0.000000,575296,0.007720
18 14 15 15 16 ,9,8,101,1.587596,7.390930,0.175384,7.215576,0.000000,576104,0.005889
12 16 12 18 15 14 16 11 12 ,9,8,101,1.587596,12.976928,0.295898,12.681060,0.000000,577417,0.008819
18 15 15 ,9,8,101,1.587596,4.804992,0.110626,4.694366,0.000000,577922,0.005737
18 ,9,8,101,1.587596,0.055267,0.015380,0.039916,0.000000,578023,0.003875
13 13 11 11 13 13 18 16 12 14 15 16 12 14 14 15 17 ,9,8,101,1.587596,26.758178,0.611938,26.146270,0.000000,580750,0.007232
17 12 15 ,9,8,101,1.587596,3.719024,0.088134,3.630920,0.000000,581154,0.006286
14 15 17 ,9,8,101,1.587596,3.625274,0.088012,3.537292,0.000000,581558,0.005371
18 14 14 15 13 11 ,9,8,101,1.587596,8.984710,0.204864,8.779846,0.000000,582467,0.009216
15 17 12 17 18 17 12 14 ,9,8,101,1.587596,12.633178,0.291564,12.341613,0.000000,583780,0.004272
15 17 13 18 ,9,8,101,1.587596,6.297180,0.153167,6.144042,0.000000,584487,0.004669
13 13 11 ,9,8,101,1.587596,3.406646,0.086273,3.320373,0.000000,584891,0.003875
14 17 11 11 11 ,9,8,101,1.587596,7.414367,0.176940,7.237426,0.000000,585699,0.009765
13 18 16 13 13 12 16 13 11 11 ,9,8,101,1.587596,15.953491,0.364868,15.588653,0.000000,587315,0.006103
16 ,9,8,101,1.587596,0.937744,0.024108,0.913665,0.000000,587416,0.003936
11 13 12 ,9,8,101,1.587596,4.187805,0.106292,4.081512,0.000000,587921,0.008666
15 16 ,9,8,101,1.587596,2.375274,0.065277,2.310028,0.000000,588224,0.009918
18 17 17 12 15 14 14 15 17 ,9,8,101,1.587596,13.571746,0.314483,13.257293,0.000000,589638,0.003875
18 15 15 ,9,8,101,1.587596,3.406524,0.085113,3.321441,0.000000,590042,0.009735
13 13 11 ,9,8,101,1.587596,4.258087,0.109069,4.149047,0.000000,590547,0.006652
15 17 18 15 17 ,9,8,101,1.587596,6.726867,0.154754,6.572143,0.000000,591254,0.007049
18 16 11 18 14 15 17 11 13 13 13 12 14 14 ,9,8,101,1.587596,21.531585,0.493865,21.037719,0.000000,593476,0.005920
12 12 14 14 14 17 ,9,8,101,1.587596,9.586273,0.227081,9.359191,0.000000,594486,0.007598
17 12 16 18 15 16 ,9,8,101,1.587596,9.117523,0.219940,8.897613,0.000000,595496,0.009185
17 11 12 ,9,8,101,1.587596,4.297180,0.108276,4.188903,0.000000,596001,0.006134
11 ,9,8,101,1.587596,1.554962,0.038848,1.516113,0.000000,596203,0.009582
12 15 ,9,8,101,1.587596,2.766723,0.069702,2.697021,0.000000,596506,0.003875
15 14 16 11 12 15 14 15 14 14 15 15 17 ,9,8,101,1.587596,19.508239,0.451232,19.056976,0.000000,598526,0.006286
16 13 ,9,8,101,1.587596,3.019073,0.070251,2.948791,0.000000,598829,0.007629
18 16 13 18 14 15 ,9,8,101,1.587596,8.172485,0.197967,7.974487,0.000000,599738,0.003906
12 17 12 14 16 18 ,9,8,101,1.587596,8.304992,0.200103,8.104919,0.000000,600647,0.007415
16 12 15 16 12 17 18 11 ,9,8,101,1.587596,11.492523,0.269012,11.223541,0.000000,601859,0.004730
15 16 18 16 11 12 14 14 16 18 18 17 12 15 17 11 12 15 17 11 11 11 18 ,9,8,101,1.587596,36.078674,0.820434,35.258239,0.000000,605495,0.004272
12 ,9,8,101,1.587596,1.531524,0.043609,1.487915,0.000000,605697,0.007812
14 16 ,9,8,101,1.587596,2.797149,0.064636,2.732513,0.000000,606000,0.009033
13 ,9,8,101,1.587596,0.570556,0.020355,0.550231,0.000000,606101,0.006896
15 ,9,8,101,1.587596,0.937774,0.022308,0.915466,0.000000,606202,0.004699
13 12 ,9,8,101,1.587596,2.062774,0.063354,1.999450,0.000000,606505,0.005950
11 ,9,8,101,1.587596,1.023712,0.035369,0.988342,0.000000,606707,0.009399
16 ,9,8,101,1.587596,0.586181,0.020294,0.565917,0.000000,606808,0.007232
14 14 17 12 16 18 17 18 17 ,9,8,101,1.587596,13.203491,0.310058,12.893432,0.000000,608222,0.007965
18 17 11 12 17 12 15 15 ,9,8,101,1.587596,12.101928,0.274108,11.827819,0.000000,609434,0.005249
16 13 18 17 18 16 18 15 15 15 15 17 ,9,8,101,1.587596,19.203521,0.448425,18.755126,0.000000,611454,0.008483
17 13 ,9,8,101,1.587596,2.820587,0.066192,2.754394,0.000000,611757,0.009765
17 13 13 13 11 12 16 11 11 18 16 12 17 13 11 13 12 16 13 11 14 15 16 18 16 18 16 13 18 14 17 13 12 17 ,9,8,101,1.587596,52.993072,1.210662,51.782440,0.000000,617110,0.003875
18 14 16 12 15 15 15 16 12 17 ,9,8,101,1.587596,15.992584,0.363616,15.628967,0.000000,618726,0.007812
13 13 11 11 13 13 13 ,9,8,101,1.587596,10.148773,0.245697,9.903076,0.000000,619837,0.007293
15 16 12 ,9,8,101,1.587596,3.570617,0.087829,3.482788,0.000000,620241,0.006378
16 11 ,9,8,101,1.587596,1.984680,0.045776,1.938903,0.000000,620443,0.009857
12 17 18 ,9,8,101,1.587596,3.390930,0.084808,3.306121,0.000000,620847,0.008880
14 ,9,8,101,1.587596,0.679962,0.021484,0.658477,0.000000,620948,0.006744
16 12 12 14 15 14 14 14 17 11 18 14 15 17 11 18 17 13 ,9,8,101,1.587596,28.367675,0.653137,27.714538,0.000000,623877,0.006011
17 18 15 16 ,9,8,101,1.587596,6.304992,0.153503,6.151489,0.000000,624584,0.006347
16 18 14 ,9,8,101,1.587596,3.664367,0.088562,3.575775,0.000000,624988,0.005493
12 14 17 18 17 11 18 15 15 14 17 11 ,9,8,101,1.587596,18.548065,0.430908,18.117187,0.000000,626907,0.003875
12 15 15 16 12 14 17 12 14 16 13 ,9,8,101,1.587596,17.227935,0.407348,16.820587,0.000000,628725,0.003875
11 13 13 18 15 15 ,9,8,101,1.587596,8.445648,0.199218,8.246429,0.000000,629634,0.006713
15 15 15 16 ,9,8,101,1.587596,5.398742,0.133239,5.265502,0.000000,630240,0.009277
11 13 12 ,9,8,101,1.587596,4.484680,0.108947,4.375732,0.000000,630745,0.006195
12 15 16 11 13 18 15 16 12 16 13 12 17 13 11 12 17 11 13 18 16 11 ,9,8,101,1.587596,34.048919,0.776672,33.272247,0.000000,634179,0.003906
14 17 14 16 13 18 16 12 16 13 11 12 17 11 11 12 15 ,9,8,101,1.587596,27.062957,0.615539,26.447448,0.000000,636906,0.006072
15 15 15 14 17 12 17 11 12 16 11 12 ,9,8,101,1.587596,18.930297,0.431457,18.498840,0.000000,638825,0.003906
11 12 16 11 11 13 12 15 16 12 14 14 16 12 16 12 14 14 15 ,9,8,101,1.587596,29.141998,0.659942,28.482055,0.000000,641754,0.003875
18 ,9,8,101,1.587596,0.164306,0.016204,0.148132,0.000000,641855,0.008544
13 11 18 15 ,9,8,101,1.587596,6.234680,0.150604,6.084075,0.000000,642562,0.008941
18 ,9,8,101,1.587596,0.687744,0.021331,0.666442,0.000000,642663,0.006744
13 13 12 16 13 13 11 11 ,9,8,101,1.587596,11.453460,0.268188,11.185302,0.000000,643875,0.004028
13 12 15 15 14 14 15 ,9,8,101,1.587596,10.242950,0.242767,10.000183,0.000000,644986,0.003906
17 12 ,9,8,101,1.587596,2.719024,0.063964,2.655059,0.000000,645289,0.004730
11 ,9,8,101,1.587596,1.133087,0.040618,1.092468,0.000000,645491,0.008239
12 12 14 14 ,9,8,101,1.587596,5.008117,0.111846,4.896270,0.000000,645996,0.005096
17 12 17 18 16 12 14 14 14 17 11 12 16 13 13 11 12 14 16 18 15 16 11 12 16 12 ,9,8,101,1.587596,40.609985,0.932922,39.677032,0.000000,650137,0.009521
14 14 15 17 11 11 18 16 12 17 11 18 17 12 16 11 13 13 12 16 18 16 13 11 12 16 18 17 11 18 14 15 14 17 11 12 16 13 ,9,8,101,1.587596,60.500976,1.367095,59.133880,0.000000,656197,0.003906
18 ,9,8,101,1.587596,1.586212,0.046020,1.540191,0.000000,656399,0.007080
18 15 14 14 15 17 18 16 11 12 14 ,9,8,101,1.587596,16.422271,0.379913,16.042358,0.000000,658116,0.009185
13 11 12 16 13 12 ,9,8,101,1.587596,8.187835,0.198883,7.988952,0.000000,659025,0.005187
13 13 11 13 11 11 13 13 ,9,8,101,1.587596,11.650268,0.271453,11.378814,0.000000,660237,0.003875
14 16 15 14 16 ,9,8,101,1.587596,6.610778,0.155548,6.455230,0.000000,660944,0.003906
12 17 18 14 15 17 12 15 17 13 11 13 13 12 14 16 18 14 14 17 11 13 18 14 15 17 12 14 15 14 16 13 12 15 16 ,9,8,101,1.587596,56.031951,1.275115,54.756835,0.000000,666600,0.005706
12 17 18 17 11 11 13 18 17 12 14 14 11 18 14 17 13 13 12 16 ,9,8,101,1.587596,31.367706,0.722869,30.644805,0.000000,669832,0.006225
11 18 ,9,8,101,1.587596,2.797149,0.067901,2.729278,0.000000,670135,0.007537
11 11 18 14 17 18 ,9,8,101,1.587596,8.031585,0.182342,7.849243,0.000000,670943,0.005645
13 12 14 17 17 13 11 13 12 14 14 16 18 16 11 18 15 15 15 17 18 14 17 12 16 18 16 12 17 13 12 16 11 ,9,8,101,1.587596,51.789703,1.183868,50.605865,0.000000,676195,0.009521
18 18 16 12 ,9,8,101,1.587596,5.047180,0.126892,4.920288,0.000000,676801,0.004211
16 12 14 16 13 13 13 18 15 14 ,9,8,101,1.587596,14.618621,0.343170,14.275451,0.000000,678316,0.003875
13 11 ,9,8,101,1.587596,2.914367,0.069580,2.844787,0.000000,678619,0.004119
15 14 17 12 ,9,8,101,1.587596,5.312805,0.129241,5.183563,0.000000,679225,0.006591
15 16 ,9,8,101,1.587596,3.015930,0.069396,2.946502,0.000000,679528,0.007873
12 16 13 13 18 17 12 17 11 12 16 13 11 13 11 ,9,8,101,1.587596,22.695770,0.521942,22.173797,0.000000,681851,0.004608
15 17 18 ,9,8,101,1.587596,3.812896,0.089721,3.723175,0.000000,682255,0.003906
18 16 12 16 12 14 15 17 18 17 12 14 17 11 12 15 14 17 13 12 17 13 13 18 16 12 16 12 16 ,9,8,101,1.587596,45.016265,1.030029,43.986206,0.000000,686800,0.007232
17 18 ,9,8,101,1.587596,2.351837,0.063018,2.288848,0.000000,687103,0.008453
13 13 11 13 ,9,8,101,1.587596,5.235351,0.128601,5.106750,0.000000,687709,0.003906
15 14 17 13 13 ,9,8,101,1.587596,8.000335,0.182403,7.817901,0.000000,688517,0.009216
11 18 16 11 11 13 18 17 ,9,8,101,1.587596,12.398773,0.291687,12.107116,0.000000,689830,0.004272
15 17 11 13 12 16 13 ,9,8,101,1.587596,10.320770,0.242309,10.078491,0.000000,690941,0.003875
11 12 17 11 ,9,8,101,1.587596,5.250305,0.130218,5.120086,0.000000,691547,0.006286
17 12 14 15 17 ,9,8,101,1.587596,6.976898,0.160400,6.816497,0.000000,692254,0.006683
13 12 16 13 18 17 11 11 18 17 ,9,8,101,1.587596,15.227783,0.358642,14.869140,0.000000,693870,0.003875
11 ,9,8,101,1.587596,0.875274,0.020507,0.854766,0.000000,693971,0.008636
13 18 15 14 17 ,9,8,101,1.587596,6.953460,0.160766,6.792663,0.000000,694678,0.009002
15 15 ,9,8,101,1.587596,3.125305,0.085052,3.040222,0.000000,695082,0.008087
18 ,9,8,101,1.587596,0.640899,0.019561,0.621307,0.000000,695183,0.005920
12 ,9,8,101,1.587596,1.250274,0.041320,1.208953,0.000000,695385,0.009399
13 12 15 16 13 11 12 17 18 ,9,8,101,1.587596,13.734741,0.315368,13.419403,0.000000,696799,0.010070
16 12 14 16 ,9,8,101,1.587596,4.883117,0.114532,4.768585,0.000000,697304,0.007019
15 ,9,8,101,1.587596,1.384307,0.039459,1.344879,0.000000,697506,0.003875
14 16 11 11 12 14 14 17 13 12 14 16 11 13 14 14 14 ,9,8,101,1.587596,26.250488,0.597473,25.652984,0.000000,700132,0.008453
16 11 ,9,8,101,1.587596,2.117492,0.064697,2.052764,0.000000,700435,0.009765
12 17 13 12 ,9,8,101,1.587596,5.695617,0.131652,5.563964,0.000000,701041,0.004455
14 14 17 12 16 11 ,9,8,101,1.587596,9.211212,0.221191,8.989990,0.000000,702051,0.006134
14 15 ,9,8,101,1.587596,2.429962,0.066314,2.363677,0.000000,702354,0.007385
15 17 13 12 16 11 12 15 14 14 14 14 ,9,8,101,1.587596,18.101959,0.407806,17.694183,0.000000,704172,0.007202
15 16 18 14 17 13 18 16 ,9,8,101,1.587596,11.625335,0.274963,11.350402,0.000000,705384,0.004486
18 15 17 18 15 16 13 11 12 17 11 13 11 12 16 ,9,8,101,1.587596,23.594177,0.543121,23.051086,0.000000,707808,0.006866
18 17 12 15 16 13 11 12 16 13 16 18 17 13 11 18 16 13 11 11 13 ,9,8,101,1.587596,32.609802,0.745361,31.864440,0.000000,711141,0.005187
18 15 15 15 15 14 14 ,9,8,101,1.587596,10.797210,0.248748,10.548461,0.000000,712252,0.004638
17 11 11 13 ,9,8,101,1.587596,4.890930,0.114227,4.776702,0.000000,712757,0.009429
17 18 ,9,8,101,1.587596,1.890899,0.045410,1.845489,0.000000,712959,0.005096
12 ,9,8,101,1.587596,1.375274,0.040710,1.334564,0.000000,713161,0.008483
11 11 13 ,9,8,101,1.587596,3.656524,0.088287,3.568267,0.000000,713565,0.007629
16 12 11 13 13 ,9,8,101,1.587596,7.844055,0.181365,7.662719,0.000000,714373,0.005767
18 17 11 18 14 15 17 13 13 13 ,9,8,101,1.587596,15.312896,0.357971,14.954925,0.000000,715989,0.009948
18 14 ,9,8,101,1.587596,2.547515,0.063323,2.484222,0.000000,716292,0.003875
17 ,9,8,101,1.587596,1.273712,0.038116,1.235595,0.000000,716494,0.006866
13 12 14 14 ,9,8,101,1.587596,5.906555,0.136322,5.770263,0.000000,717100,0.009368
17 15 16 11 12 17 18 17 18 ,9,8,101,1.587596,14.211334,0.333648,13.877685,0.000000,718615,0.007995
14 ,9,8,101,1.587596,0.031494,0.014739,0.016784,0.000000,718716,0.005798
16 11 ,9,8,101,1.587596,2.070617,0.060150,2.010467,0.000000,719019,0.007080
14 15 ,9,8,101,1.587596,2.539337,0.062591,2.476745,0.000000,719322,0.008331
17 11 12 14 17 12 17 18 16 ,9,8,101,1.587596,13.883117,0.319641,13.563476,0.000000,720736,0.009033
11 11 13 12 14 15 ,9,8,101,1.587596,9.399780,0.223937,9.175842,0.000000,721746,0.003906
16 12 ,9,8,101,1.587596,2.344024,0.059936,2.284088,0.000000,722049,0.004150
13 11 18 16 11 13 12 17 13 12 17 ,9,8,101,1.587596,16.336242,0.383392,15.952850,0.000000,723766,0.006134
15 14 16 13 18 11 13 ,9,8,101,1.587596,11.094085,0.250213,10.843902,0.000000,724877,0.005584
17 11 13 13 11 12 17 18 17 12 15 14 ,9,8,101,1.587596,18.743225,0.429534,18.313720,0.000000,726796,0.003875
17 11 18 15 17 17 11 ,9,8,101,1.587596,10.884338,0.249328,10.635009,0.000000,727907,0.003875
14 17 11 13 18 14 17 12 14 15 14 16 12 16 12 16 ,9,8,101,1.587596,24.423309,0.566986,23.856323,0.000000,730432,0.003875
16 13 11 13 12 16 13 18 17 ,9,8,101,1.587596,13.250671,0.312072,12.938598,0.000000,731846,0.003875
13 13 13 13 13 12 17 14 16 18 15 15 14 14 ,9,8,101,1.587596,21.783020,0.499359,21.283691,0.000000,734068,0.003875
16 11 11 11 18 ,9,8,101,1.587596,6.766937,0.160705,6.606201,0.000000,734775,0.003875
18 14 17 11 11 11 13 12 17 11 13 12 ,9,8,101,1.587596,17.775024,0.410339,17.364685,0.000000,736593,0.003906
18 12 17 11 11 11 ,9,8,101,1.587596,9.219085,0.218811,9.000274,0.000000,737603,0.004272
13 ,9,8,101,1.587596,1.531494,0.044342,1.487182,0.000000,737805,0.007812
11 11 13 13 13 ,9,8,101,1.587596,7.086273,0.176055,6.910217,0.000000,738613,0.006042
12 14 ,9,8,101,1.587596,2.219024,0.062011,2.157043,0.000000,738916,0.007263
11 11 ,9,8,101,1.587596,2.625274,0.062805,2.562469,0.000000,739219,0.008514
11 13 12 17 12 12 16 13 11 11 ,9,8,101,1.587596,15.734741,0.364715,15.370056,0.000000,740835,0.004882
14 15 16 11 13 13 ,9,8,101,1.587596,9.343994,0.220062,9.123931,0.000000,741845,0.006500
12 15 15 14 15 17 14 14 14 16 ,9,8,101,1.587596,14.687896,0.341094,14.346771,0.000000,743360,0.005096
18 15 ,9,8,101,1.587596,1.695587,0.043609,1.652008,0.000000,743562,0.008514
11 13 12 17 18 17 11 11 ,9,8,101,1.587596,12.570953,0.292144,12.278808,0.000000,744875,0.003906
11 18 15 15 18 15 17 13 11 18 17 12 16 11 11 ,9,8,101,1.587596,23.414520,0.541351,22.873168,0.000000,747299,0.006042
15 16 12 15 16 18 14 14 ,9,8,101,1.587596,12.180023,0.289794,11.890258,0.000000,748612,0.008911
13 11 18 14 15 14 15 15 14 16 12 ,9,8,101,1.587596,16.251159,0.381378,15.869781,0.000000,750329,0.003906
12 15 17 18 17 18 14 14 14 ,9,8,101,1.587596,14.203521,0.337249,13.866271,0.000000,751844,0.009490
17 ,9,8,101,1.587596,1.140899,0.036437,1.104461,0.000000,752046,0.005065
14 17 11 12 ,9,8,101,1.587596,6.070617,0.151489,5.919128,0.000000,752753,0.005432
13 13 13 18 ,9,8,101,1.587596,5.836242,0.137664,5.698577,0.000000,753359,0.007995
16 13 13 11 11 12 ,9,8,101,1.587596,9.125335,0.217895,8.907440,0.000000,754369,0.009613
12 15 17 12 16 11 12 16 12 16 11 12 15 14 17 18 17 11 18 14 16 18 17 13 18 14 17 18 14 16 18 17 14 14 17 11 18 14 16 13 11 18 14 17 11 18 11 ,9,8,101,1.587596,74.493011,1.689056,72.803985,0.000000,761843,0.004547
12 16 18 ,9,8,101,1.587596,3.562988,0.086853,3.476135,0.000000,762247,0.003875
17 12 ,9,8,101,1.587596,2.000274,0.046875,1.953399,0.000000,762449,0.007141
13 18 16 11 18 16 13 12 15 14 13 11 12 15 17 11 12 17 13 11 11 18 14 14 17 12 ,9,8,101,1.587596,40.359954,0.912445,39.447509,0.000000,766489,0.005859
11 13 13 12 15 15 17 18 15 ,9,8,101,1.587596,13.062835,0.299011,12.763854,0.000000,767802,0.008728
14 15 15 15 16 13 12 14 14 15 ,9,8,101,1.587596,15.844146,0.362762,15.481384,0.000000,769418,0.005157
17 12 17 ,9,8,101,1.587596,3.844055,0.089752,3.754302,0.000000,769822,0.004241
17 12 16 11 12 16 18 15 16 13 18 16 ,9,8,101,1.587596,18.133209,0.411071,17.722167,0.000000,771640,0.003997
15 15 ,9,8,101,1.587596,1.773712,0.042358,1.731353,0.000000,771842,0.007476
14 14 16 18 16 11 12 16 12 15 ,9,8,101,1.587596,15.469146,0.359832,15.109313,0.000000,773458,0.003875
14 15 16 11 13 12 14 16 12 17 18 ,9,8,101,1.587596,16.445678,0.383728,16.061981,0.000000,775175,0.005889
18 14 15 17 11 13 18 17 12 14 17 11 11 ,9,8,101,1.587596,19.578552,0.451721,19.126831,0.000000,777195,0.009185
17 13 18 ,9,8,101,1.587596,3.656555,0.089233,3.567321,0.000000,777599,0.008209
17 17 ,9,8,101,1.587596,2.398712,0.064422,2.334320,0.000000,777902,0.009490
18 16 11 12 16 11 18 17 18 16 13 11 12 16 18 16 13 11 18 14 17 13 ,9,8,101,1.587596,34.891540,0.796936,34.094635,0.000000,781437,0.003875
11 11 13 11 ,9,8,101,1.587596,5.547180,0.129608,5.417572,0.000000,782043,0.006042
11 12 15 16 13 13 ,9,8,101,1.587596,9.195648,0.222137,8.973510,0.000000,783053,0.007690
16 13 12 ,9,8,101,1.587596,3.601867,0.088836,3.513031,0.000000,783457,0.006805
12 18 14 14 16 13 11 ,9,8,101,1.587596,9.969085,0.227050,9.742065,0.000000,784467,0.008422
11 12 15 16 18 16 12 14 14 ,9,8,101,1.587596,12.867919,0.296203,12.571746,0.000000,785780,0.003875
14 15 17 12 16 12 ,9,8,101,1.587596,8.375335,0.198883,8.176452,0.000000,786689,0.007324
11 12 15 14 14 14 15 17 18 ,9,8,101,1.587596,13.937896,0.320587,13.617279,0.000000,788103,0.008087
17 11 17 11 11 12 17 ,9,8,101,1.587596,10.305023,0.246429,10.058624,0.000000,789214,0.007507
15 16 ,9,8,101,1.587596,1.930633,0.043518,1.887145,0.000000,789416,0.003875
13 ,9,8,101,1.587596,0.328369,0.017761,0.310638,0.000000,789517,0.008819
18 ,9,8,101,1.587596,1.398712,0.040008,1.358703,0.000000,789719,0.004455
11 18 17 12 16 12 ,9,8,101,1.587596,9.523773,0.224822,9.298980,0.000000,790729,0.006103
14 15 15 ,9,8,101,1.587596,4.587127,0.110748,4.476379,0.000000,791234,0.003875
11 11 12 17 13 13 11 18 17 18 14 ,9,8,101,1.587596,17.462463,0.406890,17.055572,0.000000,793052,0.003875
15 15 17 12 15 17 13 18 15 ,9,8,101,1.587596,13.477294,0.312530,13.164764,0.000000,794466,0.003875
13 13 13 18 17 12 14 16 13 13 18 ,9,8,101,1.587596,16.445678,0.383575,16.062133,0.000000,796183,0.005493
11 18 14 15 ,9,8,101,1.587596,6.094055,0.149841,5.944244,0.000000,796890,0.005859
16 18 16 11 18 15 16 12 15 17 13 18 14 16 ,9,8,101,1.587596,21.766052,0.498168,21.267883,0.000000,799112,0.004791
17 11 12 ,9,8,101,1.587596,4.265930,0.108520,4.157409,0.000000,799617,0.009582
13 12 15 ,9,8,101,1.587596,4.273712,0.107910,4.165832,0.000000,800122,0.006469
14 ,9,8,101,1.587596,1.265899,0.037689,1.228210,0.000000,800324,0.009918
18 16 13 13 ,9,8,101,1.587596,4.890838,0.114318,4.776550,0.000000,800829,0.006805
18 ,9,8,101,1.587596,1.462646,0.041595,1.421051,0.000000,801031,0.003906
15 17 13 18 14 15 15 14 16 ,9,8,101,1.587596,12.890991,0.295104,12.595916,0.000000,802344,0.005340
11 13 13 12 16 ,9,8,101,1.587596,7.125671,0.173400,6.952270,0.000000,803152,0.003875
18 14 13 18 15 17 13 18 15 17 12 14 17 17 18 17 12 15 16 18 14 16 11 18 16 11 12 14 ,9,8,101,1.587596,43.461547,0.997375,42.464172,0.000000,807596,0.009185
13 13 11 13 11 17 13 18 17 11 13 11 11 12 17 12 17 18 14 16 12 ,9,8,101,1.587596,32.336456,0.748260,31.588195,0.000000,810929,0.007568
11 ,9,8,101,1.587596,1.360351,0.040771,1.319580,0.000000,811131,0.003875
15 17 15 15 15 15 15 14 14 ,9,8,101,1.587596,13.000366,0.296752,12.703643,0.000000,812444,0.006103
13 11 11 18 15 14 17 12 16 11 11 11 ,9,8,101,1.587596,18.977111,0.432586,18.544525,0.000000,814363,0.003875
12 15 17 18 15 14 17 11 12 ,9,8,101,1.587596,13.445617,0.315887,13.129730,0.000000,815777,0.004486
14 15 16 13 13 18 17 13 12 17 18 17 12 15 16 13 11 11 11 12 14 14 17 11 18 17 ,9,8,101,1.587596,40.656829,0.930511,39.726348,0.000000,819918,0.008850
13 11 13 18 15 16 12 16 11 12 16 18 17 12 17 18 14 13 18 ,9,8,101,1.587596,29.164550,0.661987,28.502563,0.000000,822847,0.008117
18 17 ,9,8,101,1.587596,2.922180,0.069488,2.852691,0.000000,823150,0.009399
16 ,9,8,101,1.587596,1.211212,0.037841,1.173370,0.000000,823352,0.005004
16 18 16 12 14 14 17 12 ,9,8,101,1.587596,12.656585,0.295013,12.361602,0.000000,824665,0.007965
15 15 14 17 11 12 15 15 14 15 16 12 15 17 12 ,9,8,101,1.587596,24.025299,0.546966,23.478332,0.000000,827089,0.003875
13 11 11 12 17 12 16 13 18 ,9,8,101,1.587596,13.219787,0.313781,12.905975,0.000000,828503,0.003875
18 14 17 11 15 17 12 15 15 15 ,9,8,101,1.587596,15.000366,0.342864,14.657531,0.000000,830018,0.009552
15 15 15 15 17 11 11 18 14 16 13 12 16 13 18 15 ,9,8,101,1.587596,24.101989,0.549377,23.552642,0.000000,832442,0.004119
11 18 15 16 ,9,8,101,1.587596,6.000305,0.134399,5.865905,0.000000,833048,0.006622
17 13 12 ,9,8,101,1.587596,4.352081,0.109802,4.242279,0.000000,833553,0.003875
17 ,9,8,101,1.587596,0.328369,0.017944,0.310455,0.000000,833654,0.009185
15 16 ,9,8,101,1.587596,1.687774,0.039703,1.648071,0.000000,833856,0.004821
17 13 12 ,9,8,101,1.587596,4.140899,0.107635,4.033294,0.000000,834361,0.009582
15 16 ,9,8,101,1.587596,2.571441,0.062835,2.508605,0.000000,834664,0.003875
14 17 15 15 17 11 18 16 13 13 18 15 15 17 11 12 17 12 14 15 14 16 11 11 12 16 11 11 18 15 15 15 ,9,8,101,1.587596,49.844848,1.138153,48.706726,0.000000,839714,0.003875
16 13 18 17 18 15 14 14 15 14 15 16 11 ,9,8,101,1.587596,20.336334,0.474121,19.862243,0.000000,841835,0.004486
12 16 12 14 17 12 16 13 12 17 18 14 16 13 15 14 17 12 15 15 14 15 ,9,8,101,1.587596,34.523986,0.794281,33.729705,0.000000,845370,0.006347
16 18 14 17 14 14 ,9,8,101,1.587596,9.430023,0.221893,9.208160,0.000000,846380,0.007995
16 12 17 12 17 18 14 17 11 13 12 ,9,8,101,1.587596,16.508209,0.383666,16.124542,0.000000,848097,0.010009
11 11 18 17 11 12 15 14 14 16 11 13 18 16 18 14 15 17 12 15 17 ,9,8,101,1.587596,33.133331,0.750793,32.382537,0.000000,851430,0.008331
15 14 14 14 ,9,8,101,1.587596,5.501098,0.133605,5.367523,0.000000,852036,0.003875
12 ,9,8,101,1.587596,0.476837,0.017608,0.459228,0.000000,852137,0.008666
17 ,9,8,101,1.587596,0.375244,0.018310,0.356964,0.000000,852238,0.006500
14 16 ,9,8,101,1.587596,1.703399,0.044555,1.658843,0.000000,852440,0.009979
17 13 13 12 17 12 18 ,9,8,101,1.587596,10.742462,0.250244,10.492218,0.000000,853551,0.009460
18 17 ,9,8,101,1.587596,2.930999,0.067596,2.863433,0.000000,853854,0.003875
18 17 13 11 13 12 14 16 12 14 16 18 17 13 18 16 18 14 14 ,9,8,101,1.587596,30.172363,0.682708,29.489654,0.000000,856884,0.007812
17 12 14 17 12 16 18 14 16 12 15 17 ,9,8,101,1.587596,17.922271,0.410095,17.512176,0.000000,858702,0.007598
16 12 15 16 12 ,9,8,101,1.587596,6.461242,0.157623,6.303619,0.000000,859409,0.008026
16 18 13 13 13 18 17 11 18 ,9,8,101,1.587596,14.031616,0.317535,13.714111,0.000000,860823,0.008697
18 16 18 14 16 12 16 11 ,9,8,101,1.587596,11.805023,0.271759,11.533294,0.000000,862035,0.005981
12 14 15 14 17 13 ,9,8,101,1.587596,9.094085,0.217681,8.876403,0.000000,863045,0.007598
12 17 13 13 18 16 13 12 15 16 ,9,8,101,1.587596,14.867584,0.341918,14.525634,0.000000,864560,0.006195
18 16 13 18 12 17 12 15 15 16 18 14 16 11 15 16 ,9,8,101,1.587596,24.070770,0.546051,23.524719,0.000000,866984,0.008483
15 ,9,8,101,1.587596,1.047149,0.039367,1.007781,0.000000,867186,0.004119
16 12 17 ,9,8,101,1.587596,3.641571,0.089813,3.551788,0.000000,867590,0.003875
15 15 17 13 18 13 11 18 14 14 17 ,9,8,101,1.587596,16.094146,0.364013,15.730133,0.000000,869206,0.007415
11 12 17 12 14 14 16 ,9,8,101,1.587596,10.086303,0.228240,9.858062,0.000000,870216,0.009063
16 13 13 18 15 17 18 ,9,8,101,1.587596,10.461273,0.244415,10.216888,0.000000,871327,0.008514
12 ,9,8,101,1.587596,1.375274,0.040527,1.334747,0.000000,871529,0.004211
16 11 ,9,8,101,1.587596,1.937774,0.043884,1.893920,0.000000,871731,0.007598
17 13 12 16 12 11 18 17 11 18 14 16 13 13 13 18 17 13 13 13 18 13 12 14 14 17 12 16 11 12 14 14 15 16 12 14 14 12 16 12 15 14 14 16 11 11 13 11 18 15 16 12 14 17 18 14 15 14 14 ,9,8,101,1.587596,93.508697,2.126861,91.381866,0.000000,881124,0.007934
17 18 17 12 15 14 ,9,8,101,1.587596,8.054992,0.183471,7.871551,0.000000,881932,0.006134
14 16 18 14 14 15 17 ,9,8,101,1.587596,10.055023,0.226715,9.828308,0.000000,882942,0.007751
13 13 11 13 18 15 16 18 ,9,8,101,1.587596,12.407562,0.292755,12.114807,0.000000,884255,0.003875
13 12 ,9,8,101,1.587596,1.758087,0.045318,1.712768,0.000000,884457,0.006317
13 13 18 15 16 13 18 16 12 15 15 16 ,9,8,101,1.587596,18.594177,0.430969,18.163177,0.000000,886376,0.003936
17 12 16 12 16 12 16 12 ,9,8,101,1.587596,12.367553,0.290435,12.077087,0.000000,887689,0.006835
17 ,9,8,101,1.587596,0.164306,0.016143,0.148193,0.000000,887790,0.004669
13 12 15 15 14 16 18 17 13 13 13 18 17 12 ,9,8,101,1.587596,22.391052,0.517272,21.873809,0.000000,890113,0.009185
13 18 15 17 13 11 18 14 15 ,9,8,101,1.587596,13.047241,0.297393,12.749847,0.000000,891426,0.004302
11 12 ,9,8,101,1.587596,2.789337,0.067626,2.721740,0.000000,891729,0.005584
16 12 17 11 11 18 14 17 18 ,9,8,101,1.587596,13.844116,0.314422,13.529693,0.000000,893143,0.006317
16 13 11 ,9,8,101,1.587596,3.969024,0.091583,3.877441,0.000000,893547,0.005371
18 17 11 11 11 14 15 ,9,8,101,1.587596,10.930023,0.249267,10.680786,0.000000,894658,0.004882
14 14 17 ,9,8,101,1.587596,3.797180,0.089172,3.708007,0.000000,895062,0.003936
17 12 14 17 12 16 11 18 14 ,9,8,101,1.587596,13.930053,0.321594,13.608459,0.000000,896476,0.004669
17 12 15 15 15 15 16 12 15 14 ,9,8,101,1.587596,15.937896,0.362640,15.575256,0.000000,898092,0.008850
17 18 15 13 11 13 12 16 ,9,8,101,1.587596,12.039398,0.273162,11.766235,0.000000,899304,0.006195
12 14 14 ,9,8,101,1.587596,3.640899,0.088256,3.552642,0.000000,899708,0.005187
15 15 14 15 ,9,8,101,1.587596,5.117462,0.131896,4.985595,0.000000,900314,0.007781
14 ,9,8,101,1.587596,1.461700,0.038482,1.423217,0.000000,900516,0.003875
14 17 13 18 16 11 11 ,9,8,101,1.587596,10.641998,0.251190,10.390808,0.000000,901627,0.003875
13 17 18 ,9,8,101,1.587596,4.000305,0.091217,3.909088,0.000000,902031,0.009735
15 16 11 12 17 11 12 17 12 16 13 13 11 18 14 14 ,9,8,101,1.587596,24.586364,0.568054,24.018341,0.000000,904556,0.009918
13 11 ,9,8,101,1.587596,2.953857,0.066894,2.886993,0.000000,904859,0.003875
12 15 ,9,8,101,1.587596,2.078399,0.058868,2.019531,0.000000,905162,0.004638
14 ,9,8,101,1.587596,1.281494,0.042602,1.238922,0.000000,905364,0.008117
16 13 13 18 15 14 15 17 11 18 ,9,8,101,1.587596,15.000366,0.341857,14.658538,0.000000,906879,0.006622
18 15 17 18 16 11 11 12 16 13 18 17 12 17 13 12 14 17 11 13 12 ,9,8,101,1.587596,33.564056,0.770538,32.793518,0.000000,910313,0.003875
14 15 15 14 16 11 ,9,8,101,1.587596,9.586273,0.225128,9.361145,0.000000,911323,0.004516
17 13 12 15 16 13 13 ,9,8,101,1.587596,9.820648,0.226196,9.594482,0.000000,912333,0.006103
14 14 15 13 18 16 12 17 ,9,8,101,1.587596,12.140991,0.287933,11.853057,0.000000,913646,0.009033
18 16 ,9,8,101,1.587596,1.703399,0.041870,1.661560,0.000000,913848,0.004638
11 12 17 12 ,9,8,101,1.587596,4.906524,0.115783,4.790771,0.000000,914353,0.009368
13 18 12 14 16 13 11 12 17 12 ,9,8,101,1.587596,15.648834,0.360839,15.287994,0.000000,915969,0.005767
15 15 15 ,9,8,101,1.587596,4.501495,0.109985,4.391510,0.000000,916474,0.003875
11 12 14 15 14 15 17 11 ,9,8,101,1.587596,12.492523,0.292480,12.200073,0.000000,917787,0.005554
15 17 12 16 18 15 15 ,9,8,101,1.587596,10.265960,0.241729,10.024230,0.000000,918898,0.005035
13 18 14 17 12 15 17 13 11 ,9,8,101,1.587596,12.914398,0.297302,12.617126,0.000000,920211,0.007904
14 17 12 16 12 16 ,9,8,101,1.587596,8.390960,0.199005,8.191955,0.000000,921120,0.003906
17 11 12 17 ,9,8,101,1.587596,5.828460,0.136779,5.691680,0.000000,921726,0.006439
18 14 17 18 16 14 17 13 13 11 11 12 15 ,9,8,101,1.587596,19.328460,0.450042,18.878417,0.000000,923746,0.009735
11 13 11 ,9,8,101,1.587596,4.156555,0.105865,4.050689,0.000000,924251,0.006622
16 ,9,8,101,1.587596,0.523712,0.019744,0.503967,0.000000,924352,0.004455
15 ,9,8,101,1.587596,1.078338,0.038726,1.039581,0.000000,924554,0.007934
17 12 ,9,8,101,1.587596,2.594024,0.065063,2.528991,0.000000,924857,0.009155
12 15 17 13 12 17 ,9,8,101,1.587596,8.367523,0.198364,8.169158,0.000000,925766,0.005157
17 12 16 11 18 16 ,9,8,101,1.587596,9.359710,0.223480,9.136230,0.000000,926776,0.006805
15 17 13 18 17 11 18 ,9,8,101,1.587596,10.476928,0.246948,10.229980,0.000000,927887,0.006317
12 15 14 14 17 11 18 14 17 18 16 18 15 14 11 13 18 15 15 16 18 ,9,8,101,1.587596,32.219177,0.731872,31.487335,0.000000,931119,0.006805
16 18 16 12 13 11 11 13 11 11 11 12 ,9,8,101,1.587596,17.984771,0.407531,17.577239,0.000000,932937,0.006622
17 13 11 12 14 ,9,8,101,1.587596,6.437805,0.154083,6.283752,0.000000,933644,0.006958
12 ,9,8,101,1.587596,0.484619,0.019256,0.465393,0.000000,933745,0.004791
12 17 18 15 16 12 17 13 18 14 ,9,8,101,1.587596,14.665008,0.337280,14.327728,0.000000,935260,0.003906
11 12 15 15 15 14 15 15 14 16 13 11 13 13 ,9,8,101,1.587596,21.070709,0.482421,20.588317,0.000000,937381,0.004455
16 13 12 ,9,8,101,1.587596,3.320953,0.086273,3.234680,0.000000,937785,0.003875
11 ,9,8,101,1.587596,1.367462,0.037872,1.329589,0.000000,937987,0.006958
15 17 13 12 ,9,8,101,1.587596,5.398742,0.134063,5.264678,0.000000,938593,0.009582
18 15 15 ,9,8,101,1.587596,4.086242,0.105529,3.980712,0.000000,939098,0.006439
16 18 17 ,9,8,101,1.587596,3.687805,0.089385,3.598388,0.000000,939502,0.005554
14 16 11 18 14 17 18 15 16 11 12 15 14 17 18 17 18 17 18 ,9,8,101,1.587596,29.031738,0.663269,28.368469,0.000000,942431,0.004791
11 18 15 15 ,9,8,101,1.587596,6.133117,0.150390,5.982757,0.000000,943138,0.005157
11 13 18 16 ,9,8,101,1.587596,5.695617,0.134002,5.561614,0.000000,943744,0.007690
17 13 13 13 11 13 ,9,8,101,1.587596,8.484863,0.201324,8.283508,0.000000,944653,0.003875
16 18 ,9,8,101,1.587596,1.672149,0.044555,1.627593,0.000000,944855,0.007202
17 11 ,9,8,101,1.587596,3.109680,0.084838,3.024841,0.000000,945259,0.006286
15 14 14 15 16 13 18 15 14 ,9,8,101,1.587596,13.086303,0.295043,12.791259,0.000000,946572,0.009185
11 11 18 15 ,9,8,101,1.587596,5.117492,0.130157,4.987335,0.000000,947178,0.003875
17 18 15 17 11 11 12 ,9,8,101,1.587596,10.180572,0.245513,9.935089,0.000000,948289,0.003875
13 11 11 18 ,9,8,101,1.587596,5.226867,0.127593,5.099273,0.000000,948895,0.005889
16 18 17 12 14 15 16 12 14 15 17 12 ,9,8,101,1.587596,17.851959,0.412628,17.439331,0.000000,950713,0.005737
18 15 15 15 16 11 13 11 18 ,9,8,101,1.587596,13.984741,0.318023,13.666748,0.000000,952127,0.006439
17 13 11 18 16 11 11 13 13 18 ,9,8,101,1.587596,15.228057,0.360473,14.867584,0.000000,953743,0.003875
14 ,9,8,101,1.587596,0.531524,0.018005,0.513519,0.000000,953844,0.008453
12 14 14 14 17 11 13 12 16 13 15 17 12 15 ,9,8,101,1.587596,22.039489,0.501708,21.537811,0.000000,956066,0.007354
16 11 11 12 16 13 13 13 12 14 14 ,9,8,101,1.587596,17.172271,0.400573,16.771697,0.000000,957884,0.007141
11 13 12 15 ,9,8,101,1.587596,5.922119,0.139404,5.782714,0.000000,958490,0.009704
15 14 15 16 ,9,8,101,1.587596,5.383117,0.130004,5.253143,0.000000,959096,0.004455
18 15 16 12 16 13 13 18 17 11 ,9,8,101,1.587596,14.837219,0.339996,14.497222,0.000000,960611,0.003875
18 14 16 13 13 12 14 17 12 16 12 14 15 17 11 ,9,8,101,1.587596,23.359802,0.540863,22.818969,0.000000,963035,0.005340
13 12 16 18 14 16 ,9,8,101,1.587596,8.180023,0.198425,7.981597,0.000000,963944,0.009185
14 17 12 ,9,8,101,1.587596,4.242492,0.107269,4.135223,0.000000,964449,0.006042
13 12 17 12 14 17 11 13 ,9,8,101,1.587596,11.524383,0.269592,11.254760,0.000000,965661,0.003906
14 17 12 ,9,8,101,1.587596,3.439270,0.086914,3.352355,0.000000,966065,0.003906
15 15 17 11 12 ,9,8,101,1.587596,7.265930,0.175537,7.090393,0.000000,966873,0.008422
12 16 13 13 12 ,9,8,101,1.587596,7.797180,0.180480,7.616729,0.000000,967681,0.006591
15 17 12 16 18 14 14 16 18 ,9,8,101,1.587596,13.570678,0.314819,13.255859,0.000000,969095,0.007324
13 12 16 ,9,8,101,1.587596,4.633117,0.110626,4.522521,0.000000,969600,0.004241
14 15 ,9,8,101,1.587596,1.664337,0.044891,1.619445,0.000000,969802,0.007659
16 18 16 13 12 14 16 18 17 13 ,9,8,101,1.587596,14.781646,0.343078,14.438568,0.000000,971317,0.006256
13 18 14 17 ,9,8,101,1.587596,4.954162,0.112274,4.841888,0.000000,971822,0.003906
12 16 18 ,9,8,101,1.587596,4.562805,0.110229,4.452575,0.000000,972327,0.007873
14 ,9,8,101,1.587596,0.547119,0.020233,0.526916,0.000000,972428,0.005706
13 11 13 ,9,8,101,1.587596,4.431243,0.109497,4.321777,0.000000,972933,0.003875
14 16 13 11 ,9,8,101,1.587596,5.945617,0.135192,5.810455,0.000000,973539,0.005157
14 16 11 13 13 12 17 18 ,9,8,101,1.587596,11.986175,0.277008,11.709197,0.000000,974751,0.003875
